,shop_id,shop_name,class_name,facings
0,556084,Emart,Peaches,3
1,556084,Emart,Mega Roulette,1
2,556084,Emart,Goldbaeren,7
15,556084,Emart,Starmix,7
17,556084,Emart,Happy Cola,2
18,556084,Emart,JELLY DAY,4
24,556084,Emart,Fruity Bussi,2
28,556084,Emart,Bebeto,3
29,556084,Emart,Sweet and Sour Bears,2
37,556084,Emart,Happy Grapes,5
56,556084,Emart,TROLLI,24
57,556084,Emart,Grapefruit,1
62,556084,Emart,Mix ZOURR,1
63,556084,Emart,Worms Zourr,1
125,556084,Emart,FRUTIPS,1
133,556084,Emart,MYGUMI,4
141,556084,Emart,Lacto joy,5
163,556084,Emart,JELLYCIOUS,5
180,556085,Homeplus,FRUTIPS,16
246,556085,Homeplus,JELLYCIOUS,20
247,556085,Homeplus,MYGUMI,4
248,556085,Homeplus,MYJJU,2
258,556085,Homeplus,JELLY DAY,2
291,556085,Homeplus,JELLICO,2
307,556085,Homeplus,TROLLI,35
309,556085,Homeplus,Bebeto,12
311,556085,Homeplus,Leon,4
312,556085,Homeplus,Homeplus Signature,7
337,556085,Homeplus,FINI,6
373,556085,Homeplus,Goldbaeren,16
375,556085,Homeplus,Mega Roulette,2
376,556085,Homeplus,Fruity Bussi,5
385,556085,Homeplus,Happy Grapes,7
387,556085,Homeplus,Starmix,9
397,556085,Homeplus,Sweet and Sour Bears,1
400,556085,Homeplus,Happy Cola,4
401,556085,Homeplus,Grapefruit,1
402,556085,Homeplus,Peaches,7
404,556085,Homeplus,Worms Zourr,4
405,556085,Homeplus,Happy Cola Zour,3
415,556085,Homeplus,Pico_Balla,1
422,556085,Homeplus,Worms,4
429,556085,Homeplus,Mix ZOURR,5
438,556085,Homeplus,Watermelon,2
443,556085,Homeplus,Love Hearts,1
447,556086,Lotte Mart,FRUTIPS,12
462,556086,Lotte Mart,SUNKIST,2
466,556086,Lotte Mart,CHUPA CHUPS,6
528,556086,Lotte Mart,MYGUMI,6
531,556086,Lotte Mart,TROLLI,16
538,556086,Lotte Mart,YOGURT JELLY,14
540,556086,Lotte Mart,JELLYCIOUS,4
544,556086,Lotte Mart,MONKEY NANA,1
552,556086,Lotte Mart,JELLYBAB,1
575,556086,Lotte Mart,MYJJU,19
633,556086,Lotte Mart,Goldbaeren,8
634,556086,Lotte Mart,Grapefruit,1
641,556086,Lotte Mart,Watermelon,2
643,556086,Lotte Mart,Starmix,5
648,556086,Lotte Mart,Peaches,4
653,556086,Lotte Mart,Happy Cola,1
657,556086,Lotte Mart,Worms,3
666,556086,Lotte Mart,Worms Zourr,1
671,556086,Lotte Mart,Pico_Balla,2
674,556086,Lotte Mart,Happy Cola Zour,1
678,556086,Lotte Mart,Happy Grapes,1
683,556086,Lotte Mart,Fruity Bussi,1
