shop_id,shop_name,image_url,class_name,competition,width,mininum_x,factor,maximum_length_allowed,kpi_score
556084,Emart,https://view.shelfwatch.io/?url=https://storage.googleapis.com/shelfwatch2_prod_data/dist/test_images/d62f165e-2561-4cc5-a098-b60a55e6fd82_683/68183506-5b0e-4eea-b09e-721d2eac51c3.jpg,Peaches,self,95.0,61.0,1.75,106.75,1.2
556084,Emart,https://view.shelfwatch.io/?url=https://storage.googleapis.com/shelfwatch2_prod_data/dist/test_images/d62f165e-2561-4cc5-a098-b60a55e6fd82_683/68183506-5b0e-4eea-b09e-721d2eac51c3.jpg,Mega Roulette,self,137.0,61.0,2.25,137.25,1.4
556084,Emart,https://view.shelfwatch.io/?url=https://storage.googleapis.com/shelfwatch2_prod_data/dist/test_images/d62f165e-2561-4cc5-a098-b60a55e6fd82_683/68183506-5b0e-4eea-b09e-721d2eac51c3.jpg,Goldbaeren,self,67.0,61.0,1.25,76.25,1.0
556084,Emart,https://view.shelfwatch.io/?url=https://storage.googleapis.com/shelfwatch2_prod_data/dist/test_images/d62f165e-2561-4cc5-a098-b60a55e6fd82_683/68183506-5b0e-4eea-b09e-721d2eac51c3.jpg,Goldbaeren,self,67.0,61.0,1.25,76.25,1.0
556084,Emart,https://view.shelfwatch.io/?url=https://storage.googleapis.com/shelfwatch2_prod_data/dist/test_images/d62f165e-2561-4cc5-a098-b60a55e6fd82_683/68183506-5b0e-4eea-b09e-721d2eac51c3.jpg,Goldbaeren,self,65.0,61.0,1.25,76.25,1.0
556084,Emart,https://view.shelfwatch.io/?url=https://storage.googleapis.com/shelfwatch2_prod_data/dist/test_images/d62f165e-2561-4cc5-a098-b60a55e6fd82_683/68183506-5b0e-4eea-b09e-721d2eac51c3.jpg,Goldbaeren,self,63.0,61.0,1.25,76.25,1.0
556084,Emart,https://view.shelfwatch.io/?url=https://storage.googleapis.com/shelfwatch2_prod_data/dist/test_images/d62f165e-2561-4cc5-a098-b60a55e6fd82_683/68183506-5b0e-4eea-b09e-721d2eac51c3.jpg,Goldbaeren,self,99.0,61.0,1.75,106.75,1.2
556084,Emart,https://view.shelfwatch.io/?url=https://storage.googleapis.com/shelfwatch2_prod_data/dist/test_images/d62f165e-2561-4cc5-a098-b60a55e6fd82_683/68183506-5b0e-4eea-b09e-721d2eac51c3.jpg,Goldbaeren,self,153.0,61.0,2.75,167.75,1.5999999999999999
556084,Emart,https://view.shelfwatch.io/?url=https://storage.googleapis.com/shelfwatch2_prod_data/dist/test_images/d62f165e-2561-4cc5-a098-b60a55e6fd82_683/68183506-5b0e-4eea-b09e-721d2eac51c3.jpg,Starmix,self,63.0,61.0,1.25,76.25,1.0
556084,Emart,https://view.shelfwatch.io/?url=https://storage.googleapis.com/shelfwatch2_prod_data/dist/test_images/d62f165e-2561-4cc5-a098-b60a55e6fd82_683/68183506-5b0e-4eea-b09e-721d2eac51c3.jpg,Starmix,self,65.0,61.0,1.25,76.25,1.0
556084,Emart,https://view.shelfwatch.io/?url=https://storage.googleapis.com/shelfwatch2_prod_data/dist/test_images/d62f165e-2561-4cc5-a098-b60a55e6fd82_683/68183506-5b0e-4eea-b09e-721d2eac51c3.jpg,Happy Cola,self,98.0,61.0,1.75,106.75,1.2
556084,Emart,https://view.shelfwatch.io/?url=https://storage.googleapis.com/shelfwatch2_prod_data/dist/test_images/d62f165e-2561-4cc5-a098-b60a55e6fd82_683/68183506-5b0e-4eea-b09e-721d2eac51c3.jpg,JELLY DAY,competitor,99.0,61.0,1.75,106.75,1.2
556084,Emart,https://view.shelfwatch.io/?url=https://storage.googleapis.com/shelfwatch2_prod_data/dist/test_images/d62f165e-2561-4cc5-a098-b60a55e6fd82_683/68183506-5b0e-4eea-b09e-721d2eac51c3.jpg,Starmix,self,66.0,61.0,1.25,76.25,1.0
556084,Emart,https://view.shelfwatch.io/?url=https://storage.googleapis.com/shelfwatch2_prod_data/dist/test_images/d62f165e-2561-4cc5-a098-b60a55e6fd82_683/68183506-5b0e-4eea-b09e-721d2eac51c3.jpg,Starmix,self,65.0,61.0,1.25,76.25,1.0
556084,Emart,https://view.shelfwatch.io/?url=https://storage.googleapis.com/shelfwatch2_prod_data/dist/test_images/d62f165e-2561-4cc5-a098-b60a55e6fd82_683/68183506-5b0e-4eea-b09e-721d2eac51c3.jpg,Happy Cola,self,155.0,61.0,2.75,167.75,1.5999999999999999
556084,Emart,https://view.shelfwatch.io/?url=https://storage.googleapis.com/shelfwatch2_prod_data/dist/test_images/d62f165e-2561-4cc5-a098-b60a55e6fd82_683/68183506-5b0e-4eea-b09e-721d2eac51c3.jpg,Fruity Bussi,self,97.0,61.0,1.75,106.75,1.2
556084,Emart,https://view.shelfwatch.io/?url=https://storage.googleapis.com/shelfwatch2_prod_data/dist/test_images/d62f165e-2561-4cc5-a098-b60a55e6fd82_683/68183506-5b0e-4eea-b09e-721d2eac51c3.jpg,Peaches,self,61.0,61.0,1.25,76.25,1.0
556084,Emart,https://view.shelfwatch.io/?url=https://storage.googleapis.com/shelfwatch2_prod_data/dist/test_images/d62f165e-2561-4cc5-a098-b60a55e6fd82_683/68183506-5b0e-4eea-b09e-721d2eac51c3.jpg,Peaches,self,64.0,61.0,1.25,76.25,1.0
556084,Emart,https://view.shelfwatch.io/?url=https://storage.googleapis.com/shelfwatch2_prod_data/dist/test_images/d62f165e-2561-4cc5-a098-b60a55e6fd82_683/68183506-5b0e-4eea-b09e-721d2eac51c3.jpg,JELLY DAY,competitor,109.0,61.0,2.25,137.25,1.4
556084,Emart,https://view.shelfwatch.io/?url=https://storage.googleapis.com/shelfwatch2_prod_data/dist/test_images/d62f165e-2561-4cc5-a098-b60a55e6fd82_683/68183506-5b0e-4eea-b09e-721d2eac51c3.jpg,Bebeto,competitor,135.0,61.0,2.25,137.25,1.4
556084,Emart,https://view.shelfwatch.io/?url=https://storage.googleapis.com/shelfwatch2_prod_data/dist/test_images/d62f165e-2561-4cc5-a098-b60a55e6fd82_683/68183506-5b0e-4eea-b09e-721d2eac51c3.jpg,Sweet and Sour Bears,self,113.0,61.0,2.25,137.25,1.4
556084,Emart,https://view.shelfwatch.io/?url=https://storage.googleapis.com/shelfwatch2_prod_data/dist/test_images/d62f165e-2561-4cc5-a098-b60a55e6fd82_683/68183506-5b0e-4eea-b09e-721d2eac51c3.jpg,Fruity Bussi,self,95.0,61.0,1.75,106.75,1.2
556084,Emart,https://view.shelfwatch.io/?url=https://storage.googleapis.com/shelfwatch2_prod_data/dist/test_images/d62f165e-2561-4cc5-a098-b60a55e6fd82_683/68183506-5b0e-4eea-b09e-721d2eac51c3.jpg,JELLY DAY,competitor,106.0,61.0,1.75,106.75,1.2
556084,Emart,https://view.shelfwatch.io/?url=https://storage.googleapis.com/shelfwatch2_prod_data/dist/test_images/d62f165e-2561-4cc5-a098-b60a55e6fd82_683/68183506-5b0e-4eea-b09e-721d2eac51c3.jpg,Starmix,self,159.0,61.0,2.75,167.75,1.5999999999999999
556084,Emart,https://view.shelfwatch.io/?url=https://storage.googleapis.com/shelfwatch2_prod_data/dist/test_images/d62f165e-2561-4cc5-a098-b60a55e6fd82_683/68183506-5b0e-4eea-b09e-721d2eac51c3.jpg,Happy Grapes,self,105.0,61.0,1.75,106.75,1.2
556084,Emart,https://view.shelfwatch.io/?url=https://storage.googleapis.com/shelfwatch2_prod_data/dist/test_images/d62f165e-2561-4cc5-a098-b60a55e6fd82_683/68183506-5b0e-4eea-b09e-721d2eac51c3.jpg,Bebeto,competitor,145.0,61.0,2.75,167.75,1.5999999999999999
556084,Emart,https://view.shelfwatch.io/?url=https://storage.googleapis.com/shelfwatch2_prod_data/dist/test_images/d62f165e-2561-4cc5-a098-b60a55e6fd82_683/68183506-5b0e-4eea-b09e-721d2eac51c3.jpg,Starmix,self,101.0,61.0,1.75,106.75,1.2
556084,Emart,https://view.shelfwatch.io/?url=https://storage.googleapis.com/shelfwatch2_prod_data/dist/test_images/d62f165e-2561-4cc5-a098-b60a55e6fd82_683/68183506-5b0e-4eea-b09e-721d2eac51c3.jpg,JELLY DAY,competitor,105.0,61.0,1.75,106.75,1.2
556084,Emart,https://view.shelfwatch.io/?url=https://storage.googleapis.com/shelfwatch2_prod_data/dist/test_images/d62f165e-2561-4cc5-a098-b60a55e6fd82_683/68183506-5b0e-4eea-b09e-721d2eac51c3.jpg,Happy Grapes,self,108.0,61.0,2.25,137.25,1.4
556084,Emart,https://view.shelfwatch.io/?url=https://storage.googleapis.com/shelfwatch2_prod_data/dist/test_images/d62f165e-2561-4cc5-a098-b60a55e6fd82_683/68183506-5b0e-4eea-b09e-721d2eac51c3.jpg,Starmix,self,97.0,61.0,1.75,106.75,1.2
556084,Emart,https://view.shelfwatch.io/?url=https://storage.googleapis.com/shelfwatch2_prod_data/dist/test_images/d62f165e-2561-4cc5-a098-b60a55e6fd82_683/68183506-5b0e-4eea-b09e-721d2eac51c3.jpg,Goldbaeren,self,170.0,61.0,3.25,198.25,1.7999999999999998
556084,Emart,https://view.shelfwatch.io/?url=https://storage.googleapis.com/shelfwatch2_prod_data/dist/test_images/d62f165e-2561-4cc5-a098-b60a55e6fd82_683/68183506-5b0e-4eea-b09e-721d2eac51c3.jpg,Bebeto,competitor,138.0,61.0,2.75,167.75,1.5999999999999999
556084,Emart,https://view.shelfwatch.io/?url=https://storage.googleapis.com/shelfwatch2_prod_data/dist/test_images/d62f165e-2561-4cc5-a098-b60a55e6fd82_683/68183506-5b0e-4eea-b09e-721d2eac51c3.jpg,Happy Grapes,self,99.0,61.0,1.75,106.75,1.2
556084,Emart,https://view.shelfwatch.io/?url=https://storage.googleapis.com/shelfwatch2_prod_data/dist/test_images/d62f165e-2561-4cc5-a098-b60a55e6fd82_683/68183506-5b0e-4eea-b09e-721d2eac51c3.jpg,Happy Grapes,self,121.0,61.0,2.25,137.25,1.4
556084,Emart,https://view.shelfwatch.io/?url=https://storage.googleapis.com/shelfwatch2_prod_data/dist/test_images/d62f165e-2561-4cc5-a098-b60a55e6fd82_683/68183506-5b0e-4eea-b09e-721d2eac51c3.jpg,Sweet and Sour Bears,self,110.0,61.0,2.25,137.25,1.4
556084,Emart,https://view.shelfwatch.io/?url=https://storage.googleapis.com/shelfwatch2_prod_data/dist/test_images/d62f165e-2561-4cc5-a098-b60a55e6fd82_683/68183506-5b0e-4eea-b09e-721d2eac51c3.jpg,TROLLI,competitor,142.0,61.0,2.75,167.75,1.5999999999999999
556084,Emart,https://view.shelfwatch.io/?url=https://storage.googleapis.com/shelfwatch2_prod_data/dist/test_images/d62f165e-2561-4cc5-a098-b60a55e6fd82_683/68183506-5b0e-4eea-b09e-721d2eac51c3.jpg,Grapefruit,self,98.0,61.0,1.75,106.75,1.2
556084,Emart,https://view.shelfwatch.io/?url=https://storage.googleapis.com/shelfwatch2_prod_data/dist/test_images/d62f165e-2561-4cc5-a098-b60a55e6fd82_683/68183506-5b0e-4eea-b09e-721d2eac51c3.jpg,Happy Grapes,self,141.0,61.0,2.75,167.75,1.5999999999999999
556084,Emart,https://view.shelfwatch.io/?url=https://storage.googleapis.com/shelfwatch2_prod_data/dist/test_images/d62f165e-2561-4cc5-a098-b60a55e6fd82_683/68183506-5b0e-4eea-b09e-721d2eac51c3.jpg,Mix ZOURR,self,96.0,61.0,1.75,106.75,1.2
556084,Emart,https://view.shelfwatch.io/?url=https://storage.googleapis.com/shelfwatch2_prod_data/dist/test_images/d62f165e-2561-4cc5-a098-b60a55e6fd82_683/68183506-5b0e-4eea-b09e-721d2eac51c3.jpg,Worms Zourr,self,104.0,61.0,1.75,106.75,1.2
556084,Emart,https://view.shelfwatch.io/?url=https://storage.googleapis.com/shelfwatch2_prod_data/dist/test_images/d62f165e-2561-4cc5-a098-b60a55e6fd82_683/2734702e-0e44-46a4-8fef-738d236bd4b7.jpg,TROLLI,competitor,108.0,61.0,2.25,137.25,1.4
556084,Emart,https://view.shelfwatch.io/?url=https://storage.googleapis.com/shelfwatch2_prod_data/dist/test_images/d62f165e-2561-4cc5-a098-b60a55e6fd82_683/2734702e-0e44-46a4-8fef-738d236bd4b7.jpg,TROLLI,competitor,111.0,61.0,2.25,137.25,1.4
556084,Emart,https://view.shelfwatch.io/?url=https://storage.googleapis.com/shelfwatch2_prod_data/dist/test_images/d62f165e-2561-4cc5-a098-b60a55e6fd82_683/2734702e-0e44-46a4-8fef-738d236bd4b7.jpg,TROLLI,competitor,146.0,61.0,2.75,167.75,1.5999999999999999
556084,Emart,https://view.shelfwatch.io/?url=https://storage.googleapis.com/shelfwatch2_prod_data/dist/test_images/d62f165e-2561-4cc5-a098-b60a55e6fd82_683/2734702e-0e44-46a4-8fef-738d236bd4b7.jpg,TROLLI,competitor,113.0,61.0,2.25,137.25,1.4
556084,Emart,https://view.shelfwatch.io/?url=https://storage.googleapis.com/shelfwatch2_prod_data/dist/test_images/d62f165e-2561-4cc5-a098-b60a55e6fd82_683/2734702e-0e44-46a4-8fef-738d236bd4b7.jpg,TROLLI,competitor,121.0,61.0,2.25,137.25,1.4
556084,Emart,https://view.shelfwatch.io/?url=https://storage.googleapis.com/shelfwatch2_prod_data/dist/test_images/d62f165e-2561-4cc5-a098-b60a55e6fd82_683/2734702e-0e44-46a4-8fef-738d236bd4b7.jpg,TROLLI,competitor,158.0,61.0,2.75,167.75,1.5999999999999999
556084,Emart,https://view.shelfwatch.io/?url=https://storage.googleapis.com/shelfwatch2_prod_data/dist/test_images/d62f165e-2561-4cc5-a098-b60a55e6fd82_683/2734702e-0e44-46a4-8fef-738d236bd4b7.jpg,TROLLI,competitor,106.0,61.0,1.75,106.75,1.2
556084,Emart,https://view.shelfwatch.io/?url=https://storage.googleapis.com/shelfwatch2_prod_data/dist/test_images/d62f165e-2561-4cc5-a098-b60a55e6fd82_683/2734702e-0e44-46a4-8fef-738d236bd4b7.jpg,TROLLI,competitor,103.0,61.0,1.75,106.75,1.2
556084,Emart,https://view.shelfwatch.io/?url=https://storage.googleapis.com/shelfwatch2_prod_data/dist/test_images/d62f165e-2561-4cc5-a098-b60a55e6fd82_683/2734702e-0e44-46a4-8fef-738d236bd4b7.jpg,TROLLI,competitor,118.0,61.0,2.25,137.25,1.4
556084,Emart,https://view.shelfwatch.io/?url=https://storage.googleapis.com/shelfwatch2_prod_data/dist/test_images/d62f165e-2561-4cc5-a098-b60a55e6fd82_683/2734702e-0e44-46a4-8fef-738d236bd4b7.jpg,TROLLI,competitor,101.0,61.0,1.75,106.75,1.2
556084,Emart,https://view.shelfwatch.io/?url=https://storage.googleapis.com/shelfwatch2_prod_data/dist/test_images/d62f165e-2561-4cc5-a098-b60a55e6fd82_683/2734702e-0e44-46a4-8fef-738d236bd4b7.jpg,TROLLI,competitor,117.0,61.0,2.25,137.25,1.4
556084,Emart,https://view.shelfwatch.io/?url=https://storage.googleapis.com/shelfwatch2_prod_data/dist/test_images/d62f165e-2561-4cc5-a098-b60a55e6fd82_683/2734702e-0e44-46a4-8fef-738d236bd4b7.jpg,TROLLI,competitor,112.0,61.0,2.25,137.25,1.4
556084,Emart,https://view.shelfwatch.io/?url=https://storage.googleapis.com/shelfwatch2_prod_data/dist/test_images/d62f165e-2561-4cc5-a098-b60a55e6fd82_683/2734702e-0e44-46a4-8fef-738d236bd4b7.jpg,TROLLI,competitor,111.0,61.0,2.25,137.25,1.4
556084,Emart,https://view.shelfwatch.io/?url=https://storage.googleapis.com/shelfwatch2_prod_data/dist/test_images/d62f165e-2561-4cc5-a098-b60a55e6fd82_683/2734702e-0e44-46a4-8fef-738d236bd4b7.jpg,TROLLI,competitor,106.0,61.0,1.75,106.75,1.2
556084,Emart,https://view.shelfwatch.io/?url=https://storage.googleapis.com/shelfwatch2_prod_data/dist/test_images/d62f165e-2561-4cc5-a098-b60a55e6fd82_683/2734702e-0e44-46a4-8fef-738d236bd4b7.jpg,TROLLI,competitor,112.0,61.0,2.25,137.25,1.4
556084,Emart,https://view.shelfwatch.io/?url=https://storage.googleapis.com/shelfwatch2_prod_data/dist/test_images/d62f165e-2561-4cc5-a098-b60a55e6fd82_683/2734702e-0e44-46a4-8fef-738d236bd4b7.jpg,TROLLI,competitor,103.0,61.0,1.75,106.75,1.2
556084,Emart,https://view.shelfwatch.io/?url=https://storage.googleapis.com/shelfwatch2_prod_data/dist/test_images/d62f165e-2561-4cc5-a098-b60a55e6fd82_683/2734702e-0e44-46a4-8fef-738d236bd4b7.jpg,TROLLI,competitor,114.0,61.0,2.25,137.25,1.4
556084,Emart,https://view.shelfwatch.io/?url=https://storage.googleapis.com/shelfwatch2_prod_data/dist/test_images/d62f165e-2561-4cc5-a098-b60a55e6fd82_683/2734702e-0e44-46a4-8fef-738d236bd4b7.jpg,TROLLI,competitor,101.0,61.0,1.75,106.75,1.2
556084,Emart,https://view.shelfwatch.io/?url=https://storage.googleapis.com/shelfwatch2_prod_data/dist/test_images/d62f165e-2561-4cc5-a098-b60a55e6fd82_683/2734702e-0e44-46a4-8fef-738d236bd4b7.jpg,TROLLI,competitor,104.0,61.0,1.75,106.75,1.2
556084,Emart,https://view.shelfwatch.io/?url=https://storage.googleapis.com/shelfwatch2_prod_data/dist/test_images/d62f165e-2561-4cc5-a098-b60a55e6fd82_683/2734702e-0e44-46a4-8fef-738d236bd4b7.jpg,TROLLI,competitor,233.0,61.0,4.25,259.25,2.1999999999999997
556084,Emart,https://view.shelfwatch.io/?url=https://storage.googleapis.com/shelfwatch2_prod_data/dist/test_images/d62f165e-2561-4cc5-a098-b60a55e6fd82_683/2734702e-0e44-46a4-8fef-738d236bd4b7.jpg,TROLLI,competitor,106.0,61.0,1.75,106.75,1.2
556084,Emart,https://view.shelfwatch.io/?url=https://storage.googleapis.com/shelfwatch2_prod_data/dist/test_images/d62f165e-2561-4cc5-a098-b60a55e6fd82_683/2734702e-0e44-46a4-8fef-738d236bd4b7.jpg,TROLLI,competitor,107.0,61.0,2.25,137.25,1.4
556084,Emart,https://view.shelfwatch.io/?url=https://storage.googleapis.com/shelfwatch2_prod_data/dist/test_images/d62f165e-2561-4cc5-a098-b60a55e6fd82_683/2734702e-0e44-46a4-8fef-738d236bd4b7.jpg,TROLLI,competitor,91.37,61.0,1.75,106.75,1.2
556084,Emart,https://view.shelfwatch.io/?url=https://storage.googleapis.com/shelfwatch2_prod_data/dist/test_images/d62f165e-2561-4cc5-a098-b60a55e6fd82_683/89862830-8bfc-43f5-b306-48c1e9f7e8a6.jpg,FRUTIPS,competitor,128.0,61.0,2.25,137.25,1.4
556084,Emart,https://view.shelfwatch.io/?url=https://storage.googleapis.com/shelfwatch2_prod_data/dist/test_images/d62f165e-2561-4cc5-a098-b60a55e6fd82_683/89862830-8bfc-43f5-b306-48c1e9f7e8a6.jpg,MYGUMI,competitor,152.0,61.0,2.75,167.75,1.5999999999999999
556084,Emart,https://view.shelfwatch.io/?url=https://storage.googleapis.com/shelfwatch2_prod_data/dist/test_images/d62f165e-2561-4cc5-a098-b60a55e6fd82_683/89862830-8bfc-43f5-b306-48c1e9f7e8a6.jpg,MYGUMI,competitor,132.0,61.0,2.25,137.25,1.4
556084,Emart,https://view.shelfwatch.io/?url=https://storage.googleapis.com/shelfwatch2_prod_data/dist/test_images/d62f165e-2561-4cc5-a098-b60a55e6fd82_683/89862830-8bfc-43f5-b306-48c1e9f7e8a6.jpg,Lacto joy,competitor,77.0,61.0,1.75,106.75,1.2
556084,Emart,https://view.shelfwatch.io/?url=https://storage.googleapis.com/shelfwatch2_prod_data/dist/test_images/d62f165e-2561-4cc5-a098-b60a55e6fd82_683/89862830-8bfc-43f5-b306-48c1e9f7e8a6.jpg,Lacto joy,competitor,76.0,61.0,1.25,76.25,1.0
556084,Emart,https://view.shelfwatch.io/?url=https://storage.googleapis.com/shelfwatch2_prod_data/dist/test_images/d62f165e-2561-4cc5-a098-b60a55e6fd82_683/89862830-8bfc-43f5-b306-48c1e9f7e8a6.jpg,MYGUMI,competitor,132.0,61.0,2.25,137.25,1.4
556084,Emart,https://view.shelfwatch.io/?url=https://storage.googleapis.com/shelfwatch2_prod_data/dist/test_images/d62f165e-2561-4cc5-a098-b60a55e6fd82_683/89862830-8bfc-43f5-b306-48c1e9f7e8a6.jpg,Lacto joy,competitor,81.0,61.0,1.75,106.75,1.2
556084,Emart,https://view.shelfwatch.io/?url=https://storage.googleapis.com/shelfwatch2_prod_data/dist/test_images/d62f165e-2561-4cc5-a098-b60a55e6fd82_683/89862830-8bfc-43f5-b306-48c1e9f7e8a6.jpg,Lacto joy,competitor,82.0,61.0,1.75,106.75,1.2
556084,Emart,https://view.shelfwatch.io/?url=https://storage.googleapis.com/shelfwatch2_prod_data/dist/test_images/d62f165e-2561-4cc5-a098-b60a55e6fd82_683/89862830-8bfc-43f5-b306-48c1e9f7e8a6.jpg,MYGUMI,competitor,155.0,61.0,2.75,167.75,1.5999999999999999
556084,Emart,https://view.shelfwatch.io/?url=https://storage.googleapis.com/shelfwatch2_prod_data/dist/test_images/d62f165e-2561-4cc5-a098-b60a55e6fd82_683/89862830-8bfc-43f5-b306-48c1e9f7e8a6.jpg,Lacto joy,competitor,80.0,61.0,1.75,106.75,1.2
556084,Emart,https://view.shelfwatch.io/?url=https://storage.googleapis.com/shelfwatch2_prod_data/dist/test_images/d62f165e-2561-4cc5-a098-b60a55e6fd82_683/89862830-8bfc-43f5-b306-48c1e9f7e8a6.jpg,JELLYCIOUS,competitor,89.0,61.0,1.75,106.75,1.2
556084,Emart,https://view.shelfwatch.io/?url=https://storage.googleapis.com/shelfwatch2_prod_data/dist/test_images/d62f165e-2561-4cc5-a098-b60a55e6fd82_683/89862830-8bfc-43f5-b306-48c1e9f7e8a6.jpg,JELLYCIOUS,competitor,125.0,61.0,2.25,137.25,1.4
556084,Emart,https://view.shelfwatch.io/?url=https://storage.googleapis.com/shelfwatch2_prod_data/dist/test_images/d62f165e-2561-4cc5-a098-b60a55e6fd82_683/89862830-8bfc-43f5-b306-48c1e9f7e8a6.jpg,JELLYCIOUS,competitor,69.0,61.0,1.25,76.25,1.0
556084,Emart,https://view.shelfwatch.io/?url=https://storage.googleapis.com/shelfwatch2_prod_data/dist/test_images/d62f165e-2561-4cc5-a098-b60a55e6fd82_683/89862830-8bfc-43f5-b306-48c1e9f7e8a6.jpg,JELLYCIOUS,competitor,119.34,61.0,2.25,137.25,1.4
556084,Emart,https://view.shelfwatch.io/?url=https://storage.googleapis.com/shelfwatch2_prod_data/dist/test_images/d62f165e-2561-4cc5-a098-b60a55e6fd82_683/89862830-8bfc-43f5-b306-48c1e9f7e8a6.jpg,JELLYCIOUS,competitor,106.34,61.0,1.75,106.75,1.2
556085,Homeplus,https://view.shelfwatch.io/?url=https://storage.googleapis.com/shelfwatch2_prod_data/dist/test_images/d62f165e-2561-4cc5-a098-b60a55e6fd82_683/3223724e-c0ee-4d35-a9fe-53f9afb4e235.jpg,FRUTIPS,competitor,92.0,64.0,1.75,112.0,1.2
556085,Homeplus,https://view.shelfwatch.io/?url=https://storage.googleapis.com/shelfwatch2_prod_data/dist/test_images/d62f165e-2561-4cc5-a098-b60a55e6fd82_683/3223724e-c0ee-4d35-a9fe-53f9afb4e235.jpg,FRUTIPS,competitor,95.0,64.0,1.75,112.0,1.2
556085,Homeplus,https://view.shelfwatch.io/?url=https://storage.googleapis.com/shelfwatch2_prod_data/dist/test_images/d62f165e-2561-4cc5-a098-b60a55e6fd82_683/3223724e-c0ee-4d35-a9fe-53f9afb4e235.jpg,FRUTIPS,competitor,94.0,64.0,1.75,112.0,1.2
556085,Homeplus,https://view.shelfwatch.io/?url=https://storage.googleapis.com/shelfwatch2_prod_data/dist/test_images/d62f165e-2561-4cc5-a098-b60a55e6fd82_683/3223724e-c0ee-4d35-a9fe-53f9afb4e235.jpg,FRUTIPS,competitor,91.0,64.0,1.75,112.0,1.2
556085,Homeplus,https://view.shelfwatch.io/?url=https://storage.googleapis.com/shelfwatch2_prod_data/dist/test_images/d62f165e-2561-4cc5-a098-b60a55e6fd82_683/3223724e-c0ee-4d35-a9fe-53f9afb4e235.jpg,FRUTIPS,competitor,89.0,64.0,1.75,112.0,1.2
556085,Homeplus,https://view.shelfwatch.io/?url=https://storage.googleapis.com/shelfwatch2_prod_data/dist/test_images/d62f165e-2561-4cc5-a098-b60a55e6fd82_683/3223724e-c0ee-4d35-a9fe-53f9afb4e235.jpg,FRUTIPS,competitor,98.0,64.0,1.75,112.0,1.2
556085,Homeplus,https://view.shelfwatch.io/?url=https://storage.googleapis.com/shelfwatch2_prod_data/dist/test_images/d62f165e-2561-4cc5-a098-b60a55e6fd82_683/3223724e-c0ee-4d35-a9fe-53f9afb4e235.jpg,FRUTIPS,competitor,114.0,64.0,2.25,144.0,1.4
556085,Homeplus,https://view.shelfwatch.io/?url=https://storage.googleapis.com/shelfwatch2_prod_data/dist/test_images/d62f165e-2561-4cc5-a098-b60a55e6fd82_683/3223724e-c0ee-4d35-a9fe-53f9afb4e235.jpg,FRUTIPS,competitor,205.0,64.0,3.25,208.0,1.7999999999999998
556085,Homeplus,https://view.shelfwatch.io/?url=https://storage.googleapis.com/shelfwatch2_prod_data/dist/test_images/d62f165e-2561-4cc5-a098-b60a55e6fd82_683/3223724e-c0ee-4d35-a9fe-53f9afb4e235.jpg,FRUTIPS,competitor,80.0,64.0,1.25,80.0,1.0
556085,Homeplus,https://view.shelfwatch.io/?url=https://storage.googleapis.com/shelfwatch2_prod_data/dist/test_images/d62f165e-2561-4cc5-a098-b60a55e6fd82_683/3223724e-c0ee-4d35-a9fe-53f9afb4e235.jpg,FRUTIPS,competitor,108.0,64.0,1.75,112.0,1.2
556085,Homeplus,https://view.shelfwatch.io/?url=https://storage.googleapis.com/shelfwatch2_prod_data/dist/test_images/d62f165e-2561-4cc5-a098-b60a55e6fd82_683/3223724e-c0ee-4d35-a9fe-53f9afb4e235.jpg,FRUTIPS,competitor,192.0,64.0,3.25,208.0,1.7999999999999998
556085,Homeplus,https://view.shelfwatch.io/?url=https://storage.googleapis.com/shelfwatch2_prod_data/dist/test_images/d62f165e-2561-4cc5-a098-b60a55e6fd82_683/3223724e-c0ee-4d35-a9fe-53f9afb4e235.jpg,FRUTIPS,competitor,109.0,64.0,1.75,112.0,1.2
556085,Homeplus,https://view.shelfwatch.io/?url=https://storage.googleapis.com/shelfwatch2_prod_data/dist/test_images/d62f165e-2561-4cc5-a098-b60a55e6fd82_683/3223724e-c0ee-4d35-a9fe-53f9afb4e235.jpg,FRUTIPS,competitor,113.0,64.0,2.25,144.0,1.4
556085,Homeplus,https://view.shelfwatch.io/?url=https://storage.googleapis.com/shelfwatch2_prod_data/dist/test_images/d62f165e-2561-4cc5-a098-b60a55e6fd82_683/3223724e-c0ee-4d35-a9fe-53f9afb4e235.jpg,FRUTIPS,competitor,201.0,64.0,3.25,208.0,1.7999999999999998
556085,Homeplus,https://view.shelfwatch.io/?url=https://storage.googleapis.com/shelfwatch2_prod_data/dist/test_images/d62f165e-2561-4cc5-a098-b60a55e6fd82_683/3223724e-c0ee-4d35-a9fe-53f9afb4e235.jpg,FRUTIPS,competitor,64.0,64.0,1.25,80.0,1.0
556085,Homeplus,https://view.shelfwatch.io/?url=https://storage.googleapis.com/shelfwatch2_prod_data/dist/test_images/d62f165e-2561-4cc5-a098-b60a55e6fd82_683/3223724e-c0ee-4d35-a9fe-53f9afb4e235.jpg,FRUTIPS,competitor,88.0,64.0,1.75,112.0,1.2
556085,Homeplus,https://view.shelfwatch.io/?url=https://storage.googleapis.com/shelfwatch2_prod_data/dist/test_images/d62f165e-2561-4cc5-a098-b60a55e6fd82_683/dcef1c92-4276-4046-bf26-48085c8fe7a4.jpg,JELLYCIOUS,competitor,147.0,64.0,2.75,176.0,1.5999999999999999
556085,Homeplus,https://view.shelfwatch.io/?url=https://storage.googleapis.com/shelfwatch2_prod_data/dist/test_images/d62f165e-2561-4cc5-a098-b60a55e6fd82_683/dcef1c92-4276-4046-bf26-48085c8fe7a4.jpg,MYGUMI,competitor,149.0,64.0,2.75,176.0,1.5999999999999999
556085,Homeplus,https://view.shelfwatch.io/?url=https://storage.googleapis.com/shelfwatch2_prod_data/dist/test_images/d62f165e-2561-4cc5-a098-b60a55e6fd82_683/dcef1c92-4276-4046-bf26-48085c8fe7a4.jpg,MYJJU,competitor,174.0,64.0,2.75,176.0,1.5999999999999999
556085,Homeplus,https://view.shelfwatch.io/?url=https://storage.googleapis.com/shelfwatch2_prod_data/dist/test_images/d62f165e-2561-4cc5-a098-b60a55e6fd82_683/dcef1c92-4276-4046-bf26-48085c8fe7a4.jpg,JELLYCIOUS,competitor,114.0,64.0,2.25,144.0,1.4
556085,Homeplus,https://view.shelfwatch.io/?url=https://storage.googleapis.com/shelfwatch2_prod_data/dist/test_images/d62f165e-2561-4cc5-a098-b60a55e6fd82_683/dcef1c92-4276-4046-bf26-48085c8fe7a4.jpg,JELLYCIOUS,competitor,146.0,64.0,2.75,176.0,1.5999999999999999
556085,Homeplus,https://view.shelfwatch.io/?url=https://storage.googleapis.com/shelfwatch2_prod_data/dist/test_images/d62f165e-2561-4cc5-a098-b60a55e6fd82_683/dcef1c92-4276-4046-bf26-48085c8fe7a4.jpg,MYGUMI,competitor,127.0,64.0,2.25,144.0,1.4
556085,Homeplus,https://view.shelfwatch.io/?url=https://storage.googleapis.com/shelfwatch2_prod_data/dist/test_images/d62f165e-2561-4cc5-a098-b60a55e6fd82_683/dcef1c92-4276-4046-bf26-48085c8fe7a4.jpg,JELLYCIOUS,competitor,92.0,64.0,1.75,112.0,1.2
556085,Homeplus,https://view.shelfwatch.io/?url=https://storage.googleapis.com/shelfwatch2_prod_data/dist/test_images/d62f165e-2561-4cc5-a098-b60a55e6fd82_683/dcef1c92-4276-4046-bf26-48085c8fe7a4.jpg,JELLY DAY,competitor,109.0,64.0,1.75,112.0,1.2
556085,Homeplus,https://view.shelfwatch.io/?url=https://storage.googleapis.com/shelfwatch2_prod_data/dist/test_images/d62f165e-2561-4cc5-a098-b60a55e6fd82_683/dcef1c92-4276-4046-bf26-48085c8fe7a4.jpg,JELLYCIOUS,competitor,91.0,64.0,1.75,112.0,1.2
556085,Homeplus,https://view.shelfwatch.io/?url=https://storage.googleapis.com/shelfwatch2_prod_data/dist/test_images/d62f165e-2561-4cc5-a098-b60a55e6fd82_683/dcef1c92-4276-4046-bf26-48085c8fe7a4.jpg,JELLYCIOUS,competitor,148.0,64.0,2.75,176.0,1.5999999999999999
556085,Homeplus,https://view.shelfwatch.io/?url=https://storage.googleapis.com/shelfwatch2_prod_data/dist/test_images/d62f165e-2561-4cc5-a098-b60a55e6fd82_683/dcef1c92-4276-4046-bf26-48085c8fe7a4.jpg,MYGUMI,competitor,150.0,64.0,2.75,176.0,1.5999999999999999
556085,Homeplus,https://view.shelfwatch.io/?url=https://storage.googleapis.com/shelfwatch2_prod_data/dist/test_images/d62f165e-2561-4cc5-a098-b60a55e6fd82_683/dcef1c92-4276-4046-bf26-48085c8fe7a4.jpg,JELLY DAY,competitor,136.0,64.0,2.25,144.0,1.4
556085,Homeplus,https://view.shelfwatch.io/?url=https://storage.googleapis.com/shelfwatch2_prod_data/dist/test_images/d62f165e-2561-4cc5-a098-b60a55e6fd82_683/dcef1c92-4276-4046-bf26-48085c8fe7a4.jpg,JELLYCIOUS,competitor,90.0,64.0,1.75,112.0,1.2
556085,Homeplus,https://view.shelfwatch.io/?url=https://storage.googleapis.com/shelfwatch2_prod_data/dist/test_images/d62f165e-2561-4cc5-a098-b60a55e6fd82_683/dcef1c92-4276-4046-bf26-48085c8fe7a4.jpg,JELLYCIOUS,competitor,147.0,64.0,2.75,176.0,1.5999999999999999
556085,Homeplus,https://view.shelfwatch.io/?url=https://storage.googleapis.com/shelfwatch2_prod_data/dist/test_images/d62f165e-2561-4cc5-a098-b60a55e6fd82_683/dcef1c92-4276-4046-bf26-48085c8fe7a4.jpg,MYGUMI,competitor,168.0,64.0,2.75,176.0,1.5999999999999999
556085,Homeplus,https://view.shelfwatch.io/?url=https://storage.googleapis.com/shelfwatch2_prod_data/dist/test_images/d62f165e-2561-4cc5-a098-b60a55e6fd82_683/dcef1c92-4276-4046-bf26-48085c8fe7a4.jpg,JELLYCIOUS,competitor,91.0,64.0,1.75,112.0,1.2
556085,Homeplus,https://view.shelfwatch.io/?url=https://storage.googleapis.com/shelfwatch2_prod_data/dist/test_images/d62f165e-2561-4cc5-a098-b60a55e6fd82_683/dcef1c92-4276-4046-bf26-48085c8fe7a4.jpg,JELLYCIOUS,competitor,93.0,64.0,1.75,112.0,1.2
556085,Homeplus,https://view.shelfwatch.io/?url=https://storage.googleapis.com/shelfwatch2_prod_data/dist/test_images/d62f165e-2561-4cc5-a098-b60a55e6fd82_683/dcef1c92-4276-4046-bf26-48085c8fe7a4.jpg,JELLYCIOUS,competitor,115.0,64.0,2.25,144.0,1.4
556085,Homeplus,https://view.shelfwatch.io/?url=https://storage.googleapis.com/shelfwatch2_prod_data/dist/test_images/d62f165e-2561-4cc5-a098-b60a55e6fd82_683/dcef1c92-4276-4046-bf26-48085c8fe7a4.jpg,MYJJU,competitor,161.0,64.0,2.75,176.0,1.5999999999999999
556085,Homeplus,https://view.shelfwatch.io/?url=https://storage.googleapis.com/shelfwatch2_prod_data/dist/test_images/d62f165e-2561-4cc5-a098-b60a55e6fd82_683/dcef1c92-4276-4046-bf26-48085c8fe7a4.jpg,JELLYCIOUS,competitor,87.0,64.0,1.75,112.0,1.2
556085,Homeplus,https://view.shelfwatch.io/?url=https://storage.googleapis.com/shelfwatch2_prod_data/dist/test_images/d62f165e-2561-4cc5-a098-b60a55e6fd82_683/dcef1c92-4276-4046-bf26-48085c8fe7a4.jpg,JELLYCIOUS,competitor,130.0,64.0,2.25,144.0,1.4
556085,Homeplus,https://view.shelfwatch.io/?url=https://storage.googleapis.com/shelfwatch2_prod_data/dist/test_images/d62f165e-2561-4cc5-a098-b60a55e6fd82_683/dcef1c92-4276-4046-bf26-48085c8fe7a4.jpg,JELLYCIOUS,competitor,85.0,64.0,1.75,112.0,1.2
556085,Homeplus,https://view.shelfwatch.io/?url=https://storage.googleapis.com/shelfwatch2_prod_data/dist/test_images/d62f165e-2561-4cc5-a098-b60a55e6fd82_683/dcef1c92-4276-4046-bf26-48085c8fe7a4.jpg,JELLYCIOUS,competitor,88.0,64.0,1.75,112.0,1.2
556085,Homeplus,https://view.shelfwatch.io/?url=https://storage.googleapis.com/shelfwatch2_prod_data/dist/test_images/d62f165e-2561-4cc5-a098-b60a55e6fd82_683/dcef1c92-4276-4046-bf26-48085c8fe7a4.jpg,JELLICO,competitor,110.0,64.0,1.75,112.0,1.2
556085,Homeplus,https://view.shelfwatch.io/?url=https://storage.googleapis.com/shelfwatch2_prod_data/dist/test_images/d62f165e-2561-4cc5-a098-b60a55e6fd82_683/dcef1c92-4276-4046-bf26-48085c8fe7a4.jpg,JELLYCIOUS,competitor,94.0,64.0,1.75,112.0,1.2
556085,Homeplus,https://view.shelfwatch.io/?url=https://storage.googleapis.com/shelfwatch2_prod_data/dist/test_images/d62f165e-2561-4cc5-a098-b60a55e6fd82_683/dcef1c92-4276-4046-bf26-48085c8fe7a4.jpg,JELLICO,competitor,101.0,64.0,1.75,112.0,1.2
556085,Homeplus,https://view.shelfwatch.io/?url=https://storage.googleapis.com/shelfwatch2_prod_data/dist/test_images/d62f165e-2561-4cc5-a098-b60a55e6fd82_683/dcef1c92-4276-4046-bf26-48085c8fe7a4.jpg,JELLYCIOUS,competitor,86.0,64.0,1.75,112.0,1.2
556085,Homeplus,https://view.shelfwatch.io/?url=https://storage.googleapis.com/shelfwatch2_prod_data/dist/test_images/d62f165e-2561-4cc5-a098-b60a55e6fd82_683/dcef1c92-4276-4046-bf26-48085c8fe7a4.jpg,JELLYCIOUS,competitor,131.29,64.0,2.25,144.0,1.4
556085,Homeplus,https://view.shelfwatch.io/?url=https://storage.googleapis.com/shelfwatch2_prod_data/dist/test_images/d62f165e-2561-4cc5-a098-b60a55e6fd82_683/dcef1c92-4276-4046-bf26-48085c8fe7a4.jpg,JELLYCIOUS,competitor,119.41,64.0,2.25,144.0,1.4
556085,Homeplus,https://view.shelfwatch.io/?url=https://storage.googleapis.com/shelfwatch2_prod_data/dist/test_images/d62f165e-2561-4cc5-a098-b60a55e6fd82_683/dcef1c92-4276-4046-bf26-48085c8fe7a4.jpg,JELLYCIOUS,competitor,106.84,64.0,1.75,112.0,1.2
556085,Homeplus,https://view.shelfwatch.io/?url=https://storage.googleapis.com/shelfwatch2_prod_data/dist/test_images/d62f165e-2561-4cc5-a098-b60a55e6fd82_683/c369fcd4-38c7-4583-8228-fc89bfa5f876.jpg,TROLLI,competitor,103.0,64.0,1.75,112.0,1.2
556085,Homeplus,https://view.shelfwatch.io/?url=https://storage.googleapis.com/shelfwatch2_prod_data/dist/test_images/d62f165e-2561-4cc5-a098-b60a55e6fd82_683/c369fcd4-38c7-4583-8228-fc89bfa5f876.jpg,TROLLI,competitor,111.0,64.0,1.75,112.0,1.2
556085,Homeplus,https://view.shelfwatch.io/?url=https://storage.googleapis.com/shelfwatch2_prod_data/dist/test_images/d62f165e-2561-4cc5-a098-b60a55e6fd82_683/c369fcd4-38c7-4583-8228-fc89bfa5f876.jpg,Bebeto,competitor,106.0,64.0,1.75,112.0,1.2
556085,Homeplus,https://view.shelfwatch.io/?url=https://storage.googleapis.com/shelfwatch2_prod_data/dist/test_images/d62f165e-2561-4cc5-a098-b60a55e6fd82_683/c369fcd4-38c7-4583-8228-fc89bfa5f876.jpg,TROLLI,competitor,116.0,64.0,2.25,144.0,1.4
556085,Homeplus,https://view.shelfwatch.io/?url=https://storage.googleapis.com/shelfwatch2_prod_data/dist/test_images/d62f165e-2561-4cc5-a098-b60a55e6fd82_683/c369fcd4-38c7-4583-8228-fc89bfa5f876.jpg,Leon,competitor,101.0,64.0,1.75,112.0,1.2
556085,Homeplus,https://view.shelfwatch.io/?url=https://storage.googleapis.com/shelfwatch2_prod_data/dist/test_images/d62f165e-2561-4cc5-a098-b60a55e6fd82_683/c369fcd4-38c7-4583-8228-fc89bfa5f876.jpg,Homeplus Signature,competitor,115.29,64.0,2.25,144.0,1.4
556085,Homeplus,https://view.shelfwatch.io/?url=https://storage.googleapis.com/shelfwatch2_prod_data/dist/test_images/d62f165e-2561-4cc5-a098-b60a55e6fd82_683/c369fcd4-38c7-4583-8228-fc89bfa5f876.jpg,TROLLI,competitor,102.0,64.0,1.75,112.0,1.2
556085,Homeplus,https://view.shelfwatch.io/?url=https://storage.googleapis.com/shelfwatch2_prod_data/dist/test_images/d62f165e-2561-4cc5-a098-b60a55e6fd82_683/c369fcd4-38c7-4583-8228-fc89bfa5f876.jpg,TROLLI,competitor,122.0,64.0,2.25,144.0,1.4
556085,Homeplus,https://view.shelfwatch.io/?url=https://storage.googleapis.com/shelfwatch2_prod_data/dist/test_images/d62f165e-2561-4cc5-a098-b60a55e6fd82_683/c369fcd4-38c7-4583-8228-fc89bfa5f876.jpg,TROLLI,competitor,108.0,64.0,1.75,112.0,1.2
556085,Homeplus,https://view.shelfwatch.io/?url=https://storage.googleapis.com/shelfwatch2_prod_data/dist/test_images/d62f165e-2561-4cc5-a098-b60a55e6fd82_683/c369fcd4-38c7-4583-8228-fc89bfa5f876.jpg,Bebeto,competitor,99.0,64.0,1.75,112.0,1.2
556085,Homeplus,https://view.shelfwatch.io/?url=https://storage.googleapis.com/shelfwatch2_prod_data/dist/test_images/d62f165e-2561-4cc5-a098-b60a55e6fd82_683/c369fcd4-38c7-4583-8228-fc89bfa5f876.jpg,Leon,competitor,105.0,64.0,1.75,112.0,1.2
556085,Homeplus,https://view.shelfwatch.io/?url=https://storage.googleapis.com/shelfwatch2_prod_data/dist/test_images/d62f165e-2561-4cc5-a098-b60a55e6fd82_683/c369fcd4-38c7-4583-8228-fc89bfa5f876.jpg,TROLLI,competitor,114.0,64.0,2.25,144.0,1.4
556085,Homeplus,https://view.shelfwatch.io/?url=https://storage.googleapis.com/shelfwatch2_prod_data/dist/test_images/d62f165e-2561-4cc5-a098-b60a55e6fd82_683/c369fcd4-38c7-4583-8228-fc89bfa5f876.jpg,Homeplus Signature,competitor,84.0,64.0,1.75,112.0,1.2
556085,Homeplus,https://view.shelfwatch.io/?url=https://storage.googleapis.com/shelfwatch2_prod_data/dist/test_images/d62f165e-2561-4cc5-a098-b60a55e6fd82_683/c369fcd4-38c7-4583-8228-fc89bfa5f876.jpg,TROLLI,competitor,92.0,64.0,1.75,112.0,1.2
556085,Homeplus,https://view.shelfwatch.io/?url=https://storage.googleapis.com/shelfwatch2_prod_data/dist/test_images/d62f165e-2561-4cc5-a098-b60a55e6fd82_683/c369fcd4-38c7-4583-8228-fc89bfa5f876.jpg,TROLLI,competitor,120.0,64.0,2.25,144.0,1.4
556085,Homeplus,https://view.shelfwatch.io/?url=https://storage.googleapis.com/shelfwatch2_prod_data/dist/test_images/d62f165e-2561-4cc5-a098-b60a55e6fd82_683/c369fcd4-38c7-4583-8228-fc89bfa5f876.jpg,TROLLI,competitor,119.0,64.0,2.25,144.0,1.4
556085,Homeplus,https://view.shelfwatch.io/?url=https://storage.googleapis.com/shelfwatch2_prod_data/dist/test_images/d62f165e-2561-4cc5-a098-b60a55e6fd82_683/c369fcd4-38c7-4583-8228-fc89bfa5f876.jpg,Bebeto,competitor,108.0,64.0,1.75,112.0,1.2
556085,Homeplus,https://view.shelfwatch.io/?url=https://storage.googleapis.com/shelfwatch2_prod_data/dist/test_images/d62f165e-2561-4cc5-a098-b60a55e6fd82_683/c369fcd4-38c7-4583-8228-fc89bfa5f876.jpg,Homeplus Signature,competitor,94.0,64.0,1.75,112.0,1.2
556085,Homeplus,https://view.shelfwatch.io/?url=https://storage.googleapis.com/shelfwatch2_prod_data/dist/test_images/d62f165e-2561-4cc5-a098-b60a55e6fd82_683/c369fcd4-38c7-4583-8228-fc89bfa5f876.jpg,Leon,competitor,102.0,64.0,1.75,112.0,1.2
556085,Homeplus,https://view.shelfwatch.io/?url=https://storage.googleapis.com/shelfwatch2_prod_data/dist/test_images/d62f165e-2561-4cc5-a098-b60a55e6fd82_683/c369fcd4-38c7-4583-8228-fc89bfa5f876.jpg,TROLLI,competitor,115.0,64.0,2.25,144.0,1.4
556085,Homeplus,https://view.shelfwatch.io/?url=https://storage.googleapis.com/shelfwatch2_prod_data/dist/test_images/d62f165e-2561-4cc5-a098-b60a55e6fd82_683/c369fcd4-38c7-4583-8228-fc89bfa5f876.jpg,TROLLI,competitor,96.0,64.0,1.75,112.0,1.2
556085,Homeplus,https://view.shelfwatch.io/?url=https://storage.googleapis.com/shelfwatch2_prod_data/dist/test_images/d62f165e-2561-4cc5-a098-b60a55e6fd82_683/c369fcd4-38c7-4583-8228-fc89bfa5f876.jpg,TROLLI,competitor,168.0,64.0,2.75,176.0,1.5999999999999999
556085,Homeplus,https://view.shelfwatch.io/?url=https://storage.googleapis.com/shelfwatch2_prod_data/dist/test_images/d62f165e-2561-4cc5-a098-b60a55e6fd82_683/c369fcd4-38c7-4583-8228-fc89bfa5f876.jpg,TROLLI,competitor,122.0,64.0,2.25,144.0,1.4
556085,Homeplus,https://view.shelfwatch.io/?url=https://storage.googleapis.com/shelfwatch2_prod_data/dist/test_images/d62f165e-2561-4cc5-a098-b60a55e6fd82_683/c369fcd4-38c7-4583-8228-fc89bfa5f876.jpg,Homeplus Signature,competitor,102.0,64.0,1.75,112.0,1.2
556085,Homeplus,https://view.shelfwatch.io/?url=https://storage.googleapis.com/shelfwatch2_prod_data/dist/test_images/d62f165e-2561-4cc5-a098-b60a55e6fd82_683/c369fcd4-38c7-4583-8228-fc89bfa5f876.jpg,Bebeto,competitor,106.0,64.0,1.75,112.0,1.2
556085,Homeplus,https://view.shelfwatch.io/?url=https://storage.googleapis.com/shelfwatch2_prod_data/dist/test_images/d62f165e-2561-4cc5-a098-b60a55e6fd82_683/c369fcd4-38c7-4583-8228-fc89bfa5f876.jpg,Leon,competitor,102.0,64.0,1.75,112.0,1.2
556085,Homeplus,https://view.shelfwatch.io/?url=https://storage.googleapis.com/shelfwatch2_prod_data/dist/test_images/d62f165e-2561-4cc5-a098-b60a55e6fd82_683/c369fcd4-38c7-4583-8228-fc89bfa5f876.jpg,TROLLI,competitor,97.0,64.0,1.75,112.0,1.2
556085,Homeplus,https://view.shelfwatch.io/?url=https://storage.googleapis.com/shelfwatch2_prod_data/dist/test_images/d62f165e-2561-4cc5-a098-b60a55e6fd82_683/c369fcd4-38c7-4583-8228-fc89bfa5f876.jpg,TROLLI,competitor,117.0,64.0,2.25,144.0,1.4
556085,Homeplus,https://view.shelfwatch.io/?url=https://storage.googleapis.com/shelfwatch2_prod_data/dist/test_images/d62f165e-2561-4cc5-a098-b60a55e6fd82_683/c369fcd4-38c7-4583-8228-fc89bfa5f876.jpg,Homeplus Signature,competitor,104.0,64.0,1.75,112.0,1.2
556085,Homeplus,https://view.shelfwatch.io/?url=https://storage.googleapis.com/shelfwatch2_prod_data/dist/test_images/d62f165e-2561-4cc5-a098-b60a55e6fd82_683/c369fcd4-38c7-4583-8228-fc89bfa5f876.jpg,Bebeto,competitor,92.0,64.0,1.75,112.0,1.2
556085,Homeplus,https://view.shelfwatch.io/?url=https://storage.googleapis.com/shelfwatch2_prod_data/dist/test_images/d62f165e-2561-4cc5-a098-b60a55e6fd82_683/c369fcd4-38c7-4583-8228-fc89bfa5f876.jpg,FINI,competitor,97.0,64.0,1.75,112.0,1.2
556085,Homeplus,https://view.shelfwatch.io/?url=https://storage.googleapis.com/shelfwatch2_prod_data/dist/test_images/d62f165e-2561-4cc5-a098-b60a55e6fd82_683/c369fcd4-38c7-4583-8228-fc89bfa5f876.jpg,TROLLI,competitor,119.0,64.0,2.25,144.0,1.4
556085,Homeplus,https://view.shelfwatch.io/?url=https://storage.googleapis.com/shelfwatch2_prod_data/dist/test_images/d62f165e-2561-4cc5-a098-b60a55e6fd82_683/c369fcd4-38c7-4583-8228-fc89bfa5f876.jpg,TROLLI,competitor,177.0,64.0,3.25,208.0,1.7999999999999998
556085,Homeplus,https://view.shelfwatch.io/?url=https://storage.googleapis.com/shelfwatch2_prod_data/dist/test_images/d62f165e-2561-4cc5-a098-b60a55e6fd82_683/c369fcd4-38c7-4583-8228-fc89bfa5f876.jpg,TROLLI,competitor,114.0,64.0,2.25,144.0,1.4
556085,Homeplus,https://view.shelfwatch.io/?url=https://storage.googleapis.com/shelfwatch2_prod_data/dist/test_images/d62f165e-2561-4cc5-a098-b60a55e6fd82_683/c369fcd4-38c7-4583-8228-fc89bfa5f876.jpg,TROLLI,competitor,98.0,64.0,1.75,112.0,1.2
556085,Homeplus,https://view.shelfwatch.io/?url=https://storage.googleapis.com/shelfwatch2_prod_data/dist/test_images/d62f165e-2561-4cc5-a098-b60a55e6fd82_683/c369fcd4-38c7-4583-8228-fc89bfa5f876.jpg,Bebeto,competitor,100.0,64.0,1.75,112.0,1.2
556085,Homeplus,https://view.shelfwatch.io/?url=https://storage.googleapis.com/shelfwatch2_prod_data/dist/test_images/d62f165e-2561-4cc5-a098-b60a55e6fd82_683/c369fcd4-38c7-4583-8228-fc89bfa5f876.jpg,FINI,competitor,96.0,64.0,1.75,112.0,1.2
556085,Homeplus,https://view.shelfwatch.io/?url=https://storage.googleapis.com/shelfwatch2_prod_data/dist/test_images/d62f165e-2561-4cc5-a098-b60a55e6fd82_683/c369fcd4-38c7-4583-8228-fc89bfa5f876.jpg,Homeplus Signature,competitor,99.0,64.0,1.75,112.0,1.2
556085,Homeplus,https://view.shelfwatch.io/?url=https://storage.googleapis.com/shelfwatch2_prod_data/dist/test_images/d62f165e-2561-4cc5-a098-b60a55e6fd82_683/c369fcd4-38c7-4583-8228-fc89bfa5f876.jpg,TROLLI,competitor,123.0,64.0,2.25,144.0,1.4
556085,Homeplus,https://view.shelfwatch.io/?url=https://storage.googleapis.com/shelfwatch2_prod_data/dist/test_images/d62f165e-2561-4cc5-a098-b60a55e6fd82_683/c369fcd4-38c7-4583-8228-fc89bfa5f876.jpg,TROLLI,competitor,122.0,64.0,2.25,144.0,1.4
556085,Homeplus,https://view.shelfwatch.io/?url=https://storage.googleapis.com/shelfwatch2_prod_data/dist/test_images/d62f165e-2561-4cc5-a098-b60a55e6fd82_683/c369fcd4-38c7-4583-8228-fc89bfa5f876.jpg,TROLLI,competitor,100.0,64.0,1.75,112.0,1.2
556085,Homeplus,https://view.shelfwatch.io/?url=https://storage.googleapis.com/shelfwatch2_prod_data/dist/test_images/d62f165e-2561-4cc5-a098-b60a55e6fd82_683/c369fcd4-38c7-4583-8228-fc89bfa5f876.jpg,Bebeto,competitor,106.0,64.0,1.75,112.0,1.2
556085,Homeplus,https://view.shelfwatch.io/?url=https://storage.googleapis.com/shelfwatch2_prod_data/dist/test_images/d62f165e-2561-4cc5-a098-b60a55e6fd82_683/c369fcd4-38c7-4583-8228-fc89bfa5f876.jpg,FINI,competitor,97.0,64.0,1.75,112.0,1.2
556085,Homeplus,https://view.shelfwatch.io/?url=https://storage.googleapis.com/shelfwatch2_prod_data/dist/test_images/d62f165e-2561-4cc5-a098-b60a55e6fd82_683/c369fcd4-38c7-4583-8228-fc89bfa5f876.jpg,Homeplus Signature,competitor,107.0,64.0,1.75,112.0,1.2
556085,Homeplus,https://view.shelfwatch.io/?url=https://storage.googleapis.com/shelfwatch2_prod_data/dist/test_images/d62f165e-2561-4cc5-a098-b60a55e6fd82_683/c369fcd4-38c7-4583-8228-fc89bfa5f876.jpg,TROLLI,competitor,168.0,64.0,2.75,176.0,1.5999999999999999
556085,Homeplus,https://view.shelfwatch.io/?url=https://storage.googleapis.com/shelfwatch2_prod_data/dist/test_images/d62f165e-2561-4cc5-a098-b60a55e6fd82_683/c369fcd4-38c7-4583-8228-fc89bfa5f876.jpg,TROLLI,competitor,119.0,64.0,2.25,144.0,1.4
556085,Homeplus,https://view.shelfwatch.io/?url=https://storage.googleapis.com/shelfwatch2_prod_data/dist/test_images/d62f165e-2561-4cc5-a098-b60a55e6fd82_683/c369fcd4-38c7-4583-8228-fc89bfa5f876.jpg,TROLLI,competitor,87.0,64.0,1.75,112.0,1.2
556085,Homeplus,https://view.shelfwatch.io/?url=https://storage.googleapis.com/shelfwatch2_prod_data/dist/test_images/d62f165e-2561-4cc5-a098-b60a55e6fd82_683/c369fcd4-38c7-4583-8228-fc89bfa5f876.jpg,TROLLI,competitor,116.0,64.0,2.25,144.0,1.4
556085,Homeplus,https://view.shelfwatch.io/?url=https://storage.googleapis.com/shelfwatch2_prod_data/dist/test_images/d62f165e-2561-4cc5-a098-b60a55e6fd82_683/c369fcd4-38c7-4583-8228-fc89bfa5f876.jpg,FINI,competitor,78.0,64.0,1.25,80.0,1.0
556085,Homeplus,https://view.shelfwatch.io/?url=https://storage.googleapis.com/shelfwatch2_prod_data/dist/test_images/d62f165e-2561-4cc5-a098-b60a55e6fd82_683/c369fcd4-38c7-4583-8228-fc89bfa5f876.jpg,Bebeto,competitor,104.0,64.0,1.75,112.0,1.2
556085,Homeplus,https://view.shelfwatch.io/?url=https://storage.googleapis.com/shelfwatch2_prod_data/dist/test_images/d62f165e-2561-4cc5-a098-b60a55e6fd82_683/c369fcd4-38c7-4583-8228-fc89bfa5f876.jpg,TROLLI,competitor,92.0,64.0,1.75,112.0,1.2
556085,Homeplus,https://view.shelfwatch.io/?url=https://storage.googleapis.com/shelfwatch2_prod_data/dist/test_images/d62f165e-2561-4cc5-a098-b60a55e6fd82_683/c369fcd4-38c7-4583-8228-fc89bfa5f876.jpg,FINI,competitor,75.0,64.0,1.25,80.0,1.0
556085,Homeplus,https://view.shelfwatch.io/?url=https://storage.googleapis.com/shelfwatch2_prod_data/dist/test_images/d62f165e-2561-4cc5-a098-b60a55e6fd82_683/c369fcd4-38c7-4583-8228-fc89bfa5f876.jpg,TROLLI,competitor,120.0,64.0,2.25,144.0,1.4
556085,Homeplus,https://view.shelfwatch.io/?url=https://storage.googleapis.com/shelfwatch2_prod_data/dist/test_images/d62f165e-2561-4cc5-a098-b60a55e6fd82_683/c369fcd4-38c7-4583-8228-fc89bfa5f876.jpg,TROLLI,competitor,175.0,64.0,2.75,176.0,1.5999999999999999
556085,Homeplus,https://view.shelfwatch.io/?url=https://storage.googleapis.com/shelfwatch2_prod_data/dist/test_images/d62f165e-2561-4cc5-a098-b60a55e6fd82_683/c369fcd4-38c7-4583-8228-fc89bfa5f876.jpg,TROLLI,competitor,112.0,64.0,1.75,112.0,1.2
556085,Homeplus,https://view.shelfwatch.io/?url=https://storage.googleapis.com/shelfwatch2_prod_data/dist/test_images/d62f165e-2561-4cc5-a098-b60a55e6fd82_683/c369fcd4-38c7-4583-8228-fc89bfa5f876.jpg,Bebeto,competitor,114.0,64.0,2.25,144.0,1.4
556085,Homeplus,https://view.shelfwatch.io/?url=https://storage.googleapis.com/shelfwatch2_prod_data/dist/test_images/d62f165e-2561-4cc5-a098-b60a55e6fd82_683/c369fcd4-38c7-4583-8228-fc89bfa5f876.jpg,FINI,competitor,82.0,64.0,1.75,112.0,1.2
556085,Homeplus,https://view.shelfwatch.io/?url=https://storage.googleapis.com/shelfwatch2_prod_data/dist/test_images/d62f165e-2561-4cc5-a098-b60a55e6fd82_683/c369fcd4-38c7-4583-8228-fc89bfa5f876.jpg,TROLLI,competitor,152.0,64.0,2.75,176.0,1.5999999999999999
556085,Homeplus,https://view.shelfwatch.io/?url=https://storage.googleapis.com/shelfwatch2_prod_data/dist/test_images/d62f165e-2561-4cc5-a098-b60a55e6fd82_683/c369fcd4-38c7-4583-8228-fc89bfa5f876.jpg,TROLLI,competitor,147.0,64.0,2.75,176.0,1.5999999999999999
556085,Homeplus,https://view.shelfwatch.io/?url=https://storage.googleapis.com/shelfwatch2_prod_data/dist/test_images/d62f165e-2561-4cc5-a098-b60a55e6fd82_683/c369fcd4-38c7-4583-8228-fc89bfa5f876.jpg,TROLLI,competitor,133.0,64.0,2.25,144.0,1.4
556085,Homeplus,https://view.shelfwatch.io/?url=https://storage.googleapis.com/shelfwatch2_prod_data/dist/test_images/d62f165e-2561-4cc5-a098-b60a55e6fd82_683/c369fcd4-38c7-4583-8228-fc89bfa5f876.jpg,TROLLI,competitor,124.0,64.0,2.25,144.0,1.4
556085,Homeplus,https://view.shelfwatch.io/?url=https://storage.googleapis.com/shelfwatch2_prod_data/dist/test_images/d62f165e-2561-4cc5-a098-b60a55e6fd82_683/c369fcd4-38c7-4583-8228-fc89bfa5f876.jpg,Bebeto,competitor,105.0,64.0,1.75,112.0,1.2
556085,Homeplus,https://view.shelfwatch.io/?url=https://storage.googleapis.com/shelfwatch2_prod_data/dist/test_images/d62f165e-2561-4cc5-a098-b60a55e6fd82_683/039f043b-047f-453d-ada6-42725ac160c8.jpg,Goldbaeren,self,107.0,64.0,1.75,112.0,1.2
556085,Homeplus,https://view.shelfwatch.io/?url=https://storage.googleapis.com/shelfwatch2_prod_data/dist/test_images/d62f165e-2561-4cc5-a098-b60a55e6fd82_683/039f043b-047f-453d-ada6-42725ac160c8.jpg,Goldbaeren,self,115.0,64.0,2.25,144.0,1.4
556085,Homeplus,https://view.shelfwatch.io/?url=https://storage.googleapis.com/shelfwatch2_prod_data/dist/test_images/d62f165e-2561-4cc5-a098-b60a55e6fd82_683/039f043b-047f-453d-ada6-42725ac160c8.jpg,Mega Roulette,self,154.0,64.0,2.75,176.0,1.5999999999999999
556085,Homeplus,https://view.shelfwatch.io/?url=https://storage.googleapis.com/shelfwatch2_prod_data/dist/test_images/d62f165e-2561-4cc5-a098-b60a55e6fd82_683/039f043b-047f-453d-ada6-42725ac160c8.jpg,Fruity Bussi,self,97.0,64.0,1.75,112.0,1.2
556085,Homeplus,https://view.shelfwatch.io/?url=https://storage.googleapis.com/shelfwatch2_prod_data/dist/test_images/d62f165e-2561-4cc5-a098-b60a55e6fd82_683/039f043b-047f-453d-ada6-42725ac160c8.jpg,Fruity Bussi,self,114.0,64.0,2.25,144.0,1.4
556085,Homeplus,https://view.shelfwatch.io/?url=https://storage.googleapis.com/shelfwatch2_prod_data/dist/test_images/d62f165e-2561-4cc5-a098-b60a55e6fd82_683/039f043b-047f-453d-ada6-42725ac160c8.jpg,Goldbaeren,self,155.0,64.0,2.75,176.0,1.5999999999999999
556085,Homeplus,https://view.shelfwatch.io/?url=https://storage.googleapis.com/shelfwatch2_prod_data/dist/test_images/d62f165e-2561-4cc5-a098-b60a55e6fd82_683/039f043b-047f-453d-ada6-42725ac160c8.jpg,Goldbaeren,self,122.0,64.0,2.25,144.0,1.4
556085,Homeplus,https://view.shelfwatch.io/?url=https://storage.googleapis.com/shelfwatch2_prod_data/dist/test_images/d62f165e-2561-4cc5-a098-b60a55e6fd82_683/039f043b-047f-453d-ada6-42725ac160c8.jpg,Goldbaeren,self,98.0,64.0,1.75,112.0,1.2
556085,Homeplus,https://view.shelfwatch.io/?url=https://storage.googleapis.com/shelfwatch2_prod_data/dist/test_images/d62f165e-2561-4cc5-a098-b60a55e6fd82_683/039f043b-047f-453d-ada6-42725ac160c8.jpg,Fruity Bussi,self,95.0,64.0,1.75,112.0,1.2
556085,Homeplus,https://view.shelfwatch.io/?url=https://storage.googleapis.com/shelfwatch2_prod_data/dist/test_images/d62f165e-2561-4cc5-a098-b60a55e6fd82_683/039f043b-047f-453d-ada6-42725ac160c8.jpg,Goldbaeren,self,113.0,64.0,2.25,144.0,1.4
556085,Homeplus,https://view.shelfwatch.io/?url=https://storage.googleapis.com/shelfwatch2_prod_data/dist/test_images/d62f165e-2561-4cc5-a098-b60a55e6fd82_683/039f043b-047f-453d-ada6-42725ac160c8.jpg,Fruity Bussi,self,113.0,64.0,2.25,144.0,1.4
556085,Homeplus,https://view.shelfwatch.io/?url=https://storage.googleapis.com/shelfwatch2_prod_data/dist/test_images/d62f165e-2561-4cc5-a098-b60a55e6fd82_683/039f043b-047f-453d-ada6-42725ac160c8.jpg,Goldbaeren,self,156.0,64.0,2.75,176.0,1.5999999999999999
556085,Homeplus,https://view.shelfwatch.io/?url=https://storage.googleapis.com/shelfwatch2_prod_data/dist/test_images/d62f165e-2561-4cc5-a098-b60a55e6fd82_683/039f043b-047f-453d-ada6-42725ac160c8.jpg,Happy Grapes,self,100.0,64.0,1.75,112.0,1.2
556085,Homeplus,https://view.shelfwatch.io/?url=https://storage.googleapis.com/shelfwatch2_prod_data/dist/test_images/d62f165e-2561-4cc5-a098-b60a55e6fd82_683/039f043b-047f-453d-ada6-42725ac160c8.jpg,Goldbaeren,self,121.0,64.0,2.25,144.0,1.4
556085,Homeplus,https://view.shelfwatch.io/?url=https://storage.googleapis.com/shelfwatch2_prod_data/dist/test_images/d62f165e-2561-4cc5-a098-b60a55e6fd82_683/039f043b-047f-453d-ada6-42725ac160c8.jpg,Starmix,self,96.0,64.0,1.75,112.0,1.2
556085,Homeplus,https://view.shelfwatch.io/?url=https://storage.googleapis.com/shelfwatch2_prod_data/dist/test_images/d62f165e-2561-4cc5-a098-b60a55e6fd82_683/039f043b-047f-453d-ada6-42725ac160c8.jpg,Happy Grapes,self,118.0,64.0,2.25,144.0,1.4
556085,Homeplus,https://view.shelfwatch.io/?url=https://storage.googleapis.com/shelfwatch2_prod_data/dist/test_images/d62f165e-2561-4cc5-a098-b60a55e6fd82_683/039f043b-047f-453d-ada6-42725ac160c8.jpg,Starmix,self,111.0,64.0,1.75,112.0,1.2
556085,Homeplus,https://view.shelfwatch.io/?url=https://storage.googleapis.com/shelfwatch2_prod_data/dist/test_images/d62f165e-2561-4cc5-a098-b60a55e6fd82_683/039f043b-047f-453d-ada6-42725ac160c8.jpg,Happy Grapes,self,96.0,64.0,1.75,112.0,1.2
556085,Homeplus,https://view.shelfwatch.io/?url=https://storage.googleapis.com/shelfwatch2_prod_data/dist/test_images/d62f165e-2561-4cc5-a098-b60a55e6fd82_683/039f043b-047f-453d-ada6-42725ac160c8.jpg,Goldbaeren,self,66.0,64.0,1.25,80.0,1.0
556085,Homeplus,https://view.shelfwatch.io/?url=https://storage.googleapis.com/shelfwatch2_prod_data/dist/test_images/d62f165e-2561-4cc5-a098-b60a55e6fd82_683/039f043b-047f-453d-ada6-42725ac160c8.jpg,Goldbaeren,self,68.0,64.0,1.25,80.0,1.0
556085,Homeplus,https://view.shelfwatch.io/?url=https://storage.googleapis.com/shelfwatch2_prod_data/dist/test_images/d62f165e-2561-4cc5-a098-b60a55e6fd82_683/039f043b-047f-453d-ada6-42725ac160c8.jpg,Starmix,self,96.0,64.0,1.75,112.0,1.2
556085,Homeplus,https://view.shelfwatch.io/?url=https://storage.googleapis.com/shelfwatch2_prod_data/dist/test_images/d62f165e-2561-4cc5-a098-b60a55e6fd82_683/039f043b-047f-453d-ada6-42725ac160c8.jpg,Goldbaeren,self,167.0,64.0,2.75,176.0,1.5999999999999999
556085,Homeplus,https://view.shelfwatch.io/?url=https://storage.googleapis.com/shelfwatch2_prod_data/dist/test_images/d62f165e-2561-4cc5-a098-b60a55e6fd82_683/039f043b-047f-453d-ada6-42725ac160c8.jpg,Goldbaeren,self,120.0,64.0,2.25,144.0,1.4
556085,Homeplus,https://view.shelfwatch.io/?url=https://storage.googleapis.com/shelfwatch2_prod_data/dist/test_images/d62f165e-2561-4cc5-a098-b60a55e6fd82_683/039f043b-047f-453d-ada6-42725ac160c8.jpg,Happy Grapes,self,113.0,64.0,2.25,144.0,1.4
556085,Homeplus,https://view.shelfwatch.io/?url=https://storage.googleapis.com/shelfwatch2_prod_data/dist/test_images/d62f165e-2561-4cc5-a098-b60a55e6fd82_683/039f043b-047f-453d-ada6-42725ac160c8.jpg,Sweet and Sour Bears,self,112.0,64.0,1.75,112.0,1.2
556085,Homeplus,https://view.shelfwatch.io/?url=https://storage.googleapis.com/shelfwatch2_prod_data/dist/test_images/d62f165e-2561-4cc5-a098-b60a55e6fd82_683/039f043b-047f-453d-ada6-42725ac160c8.jpg,Goldbaeren,self,68.0,64.0,1.25,80.0,1.0
556085,Homeplus,https://view.shelfwatch.io/?url=https://storage.googleapis.com/shelfwatch2_prod_data/dist/test_images/d62f165e-2561-4cc5-a098-b60a55e6fd82_683/039f043b-047f-453d-ada6-42725ac160c8.jpg,Goldbaeren,self,69.0,64.0,1.25,80.0,1.0
556085,Homeplus,https://view.shelfwatch.io/?url=https://storage.googleapis.com/shelfwatch2_prod_data/dist/test_images/d62f165e-2561-4cc5-a098-b60a55e6fd82_683/039f043b-047f-453d-ada6-42725ac160c8.jpg,Happy Cola,self,99.0,64.0,1.75,112.0,1.2
556085,Homeplus,https://view.shelfwatch.io/?url=https://storage.googleapis.com/shelfwatch2_prod_data/dist/test_images/d62f165e-2561-4cc5-a098-b60a55e6fd82_683/039f043b-047f-453d-ada6-42725ac160c8.jpg,Grapefruit,self,92.0,64.0,1.75,112.0,1.2
556085,Homeplus,https://view.shelfwatch.io/?url=https://storage.googleapis.com/shelfwatch2_prod_data/dist/test_images/d62f165e-2561-4cc5-a098-b60a55e6fd82_683/039f043b-047f-453d-ada6-42725ac160c8.jpg,Peaches,self,70.0,64.0,1.25,80.0,1.0
556085,Homeplus,https://view.shelfwatch.io/?url=https://storage.googleapis.com/shelfwatch2_prod_data/dist/test_images/d62f165e-2561-4cc5-a098-b60a55e6fd82_683/039f043b-047f-453d-ada6-42725ac160c8.jpg,Peaches,self,69.0,64.0,1.25,80.0,1.0
556085,Homeplus,https://view.shelfwatch.io/?url=https://storage.googleapis.com/shelfwatch2_prod_data/dist/test_images/d62f165e-2561-4cc5-a098-b60a55e6fd82_683/039f043b-047f-453d-ada6-42725ac160c8.jpg,Worms Zourr,self,114.0,64.0,2.25,144.0,1.4
556085,Homeplus,https://view.shelfwatch.io/?url=https://storage.googleapis.com/shelfwatch2_prod_data/dist/test_images/d62f165e-2561-4cc5-a098-b60a55e6fd82_683/039f043b-047f-453d-ada6-42725ac160c8.jpg,Happy Cola Zour,self,112.0,64.0,1.75,112.0,1.2
556085,Homeplus,https://view.shelfwatch.io/?url=https://storage.googleapis.com/shelfwatch2_prod_data/dist/test_images/d62f165e-2561-4cc5-a098-b60a55e6fd82_683/039f043b-047f-453d-ada6-42725ac160c8.jpg,Happy Grapes,self,130.0,64.0,2.25,144.0,1.4
556085,Homeplus,https://view.shelfwatch.io/?url=https://storage.googleapis.com/shelfwatch2_prod_data/dist/test_images/d62f165e-2561-4cc5-a098-b60a55e6fd82_683/039f043b-047f-453d-ada6-42725ac160c8.jpg,Happy Cola,self,97.0,64.0,1.75,112.0,1.2
556085,Homeplus,https://view.shelfwatch.io/?url=https://storage.googleapis.com/shelfwatch2_prod_data/dist/test_images/d62f165e-2561-4cc5-a098-b60a55e6fd82_683/039f043b-047f-453d-ada6-42725ac160c8.jpg,Happy Cola Zour,self,97.0,64.0,1.75,112.0,1.2
556085,Homeplus,https://view.shelfwatch.io/?url=https://storage.googleapis.com/shelfwatch2_prod_data/dist/test_images/d62f165e-2561-4cc5-a098-b60a55e6fd82_683/039f043b-047f-453d-ada6-42725ac160c8.jpg,Goldbaeren,self,160.0,64.0,2.75,176.0,1.5999999999999999
556085,Homeplus,https://view.shelfwatch.io/?url=https://storage.googleapis.com/shelfwatch2_prod_data/dist/test_images/d62f165e-2561-4cc5-a098-b60a55e6fd82_683/039f043b-047f-453d-ada6-42725ac160c8.jpg,Peaches,self,69.0,64.0,1.25,80.0,1.0
556085,Homeplus,https://view.shelfwatch.io/?url=https://storage.googleapis.com/shelfwatch2_prod_data/dist/test_images/d62f165e-2561-4cc5-a098-b60a55e6fd82_683/039f043b-047f-453d-ada6-42725ac160c8.jpg,Peaches,self,69.0,64.0,1.25,80.0,1.0
556085,Homeplus,https://view.shelfwatch.io/?url=https://storage.googleapis.com/shelfwatch2_prod_data/dist/test_images/d62f165e-2561-4cc5-a098-b60a55e6fd82_683/039f043b-047f-453d-ada6-42725ac160c8.jpg,Peaches,self,69.0,64.0,1.25,80.0,1.0
556085,Homeplus,https://view.shelfwatch.io/?url=https://storage.googleapis.com/shelfwatch2_prod_data/dist/test_images/d62f165e-2561-4cc5-a098-b60a55e6fd82_683/039f043b-047f-453d-ada6-42725ac160c8.jpg,Peaches,self,71.0,64.0,1.25,80.0,1.0
556085,Homeplus,https://view.shelfwatch.io/?url=https://storage.googleapis.com/shelfwatch2_prod_data/dist/test_images/d62f165e-2561-4cc5-a098-b60a55e6fd82_683/039f043b-047f-453d-ada6-42725ac160c8.jpg,Happy Cola,self,114.0,64.0,2.25,144.0,1.4
556085,Homeplus,https://view.shelfwatch.io/?url=https://storage.googleapis.com/shelfwatch2_prod_data/dist/test_images/d62f165e-2561-4cc5-a098-b60a55e6fd82_683/039f043b-047f-453d-ada6-42725ac160c8.jpg,Pico_Balla,self,95.0,64.0,1.75,112.0,1.2
556085,Homeplus,https://view.shelfwatch.io/?url=https://storage.googleapis.com/shelfwatch2_prod_data/dist/test_images/d62f165e-2561-4cc5-a098-b60a55e6fd82_683/039f043b-047f-453d-ada6-42725ac160c8.jpg,Happy Cola Zour,self,112.0,64.0,1.75,112.0,1.2
556085,Homeplus,https://view.shelfwatch.io/?url=https://storage.googleapis.com/shelfwatch2_prod_data/dist/test_images/d62f165e-2561-4cc5-a098-b60a55e6fd82_683/039f043b-047f-453d-ada6-42725ac160c8.jpg,Happy Cola,self,95.0,64.0,1.75,112.0,1.2
556085,Homeplus,https://view.shelfwatch.io/?url=https://storage.googleapis.com/shelfwatch2_prod_data/dist/test_images/d62f165e-2561-4cc5-a098-b60a55e6fd82_683/039f043b-047f-453d-ada6-42725ac160c8.jpg,Happy Grapes,self,130.0,64.0,2.25,144.0,1.4
556085,Homeplus,https://view.shelfwatch.io/?url=https://storage.googleapis.com/shelfwatch2_prod_data/dist/test_images/d62f165e-2561-4cc5-a098-b60a55e6fd82_683/039f043b-047f-453d-ada6-42725ac160c8.jpg,Starmix,self,67.0,64.0,1.25,80.0,1.0
556085,Homeplus,https://view.shelfwatch.io/?url=https://storage.googleapis.com/shelfwatch2_prod_data/dist/test_images/d62f165e-2561-4cc5-a098-b60a55e6fd82_683/039f043b-047f-453d-ada6-42725ac160c8.jpg,Starmix,self,70.0,64.0,1.25,80.0,1.0
556085,Homeplus,https://view.shelfwatch.io/?url=https://storage.googleapis.com/shelfwatch2_prod_data/dist/test_images/d62f165e-2561-4cc5-a098-b60a55e6fd82_683/039f043b-047f-453d-ada6-42725ac160c8.jpg,Happy Grapes,self,108.0,64.0,1.75,112.0,1.2
556085,Homeplus,https://view.shelfwatch.io/?url=https://storage.googleapis.com/shelfwatch2_prod_data/dist/test_images/d62f165e-2561-4cc5-a098-b60a55e6fd82_683/039f043b-047f-453d-ada6-42725ac160c8.jpg,Worms,self,99.0,64.0,1.75,112.0,1.2
556085,Homeplus,https://view.shelfwatch.io/?url=https://storage.googleapis.com/shelfwatch2_prod_data/dist/test_images/d62f165e-2561-4cc5-a098-b60a55e6fd82_683/039f043b-047f-453d-ada6-42725ac160c8.jpg,Worms Zourr,self,93.0,64.0,1.75,112.0,1.2
556085,Homeplus,https://view.shelfwatch.io/?url=https://storage.googleapis.com/shelfwatch2_prod_data/dist/test_images/d62f165e-2561-4cc5-a098-b60a55e6fd82_683/039f043b-047f-453d-ada6-42725ac160c8.jpg,Worms Zourr,self,113.0,64.0,2.25,144.0,1.4
556085,Homeplus,https://view.shelfwatch.io/?url=https://storage.googleapis.com/shelfwatch2_prod_data/dist/test_images/d62f165e-2561-4cc5-a098-b60a55e6fd82_683/039f043b-047f-453d-ada6-42725ac160c8.jpg,Worms Zourr,self,109.0,64.0,1.75,112.0,1.2
556085,Homeplus,https://view.shelfwatch.io/?url=https://storage.googleapis.com/shelfwatch2_prod_data/dist/test_images/d62f165e-2561-4cc5-a098-b60a55e6fd82_683/039f043b-047f-453d-ada6-42725ac160c8.jpg,Starmix,self,69.0,64.0,1.25,80.0,1.0
556085,Homeplus,https://view.shelfwatch.io/?url=https://storage.googleapis.com/shelfwatch2_prod_data/dist/test_images/d62f165e-2561-4cc5-a098-b60a55e6fd82_683/039f043b-047f-453d-ada6-42725ac160c8.jpg,Starmix,self,70.0,64.0,1.25,80.0,1.0
556085,Homeplus,https://view.shelfwatch.io/?url=https://storage.googleapis.com/shelfwatch2_prod_data/dist/test_images/d62f165e-2561-4cc5-a098-b60a55e6fd82_683/039f043b-047f-453d-ada6-42725ac160c8.jpg,Bebeto,competitor,134.0,64.0,2.25,144.0,1.4
556085,Homeplus,https://view.shelfwatch.io/?url=https://storage.googleapis.com/shelfwatch2_prod_data/dist/test_images/d62f165e-2561-4cc5-a098-b60a55e6fd82_683/039f043b-047f-453d-ada6-42725ac160c8.jpg,Mix ZOURR,self,115.0,64.0,2.25,144.0,1.4
556085,Homeplus,https://view.shelfwatch.io/?url=https://storage.googleapis.com/shelfwatch2_prod_data/dist/test_images/d62f165e-2561-4cc5-a098-b60a55e6fd82_683/039f043b-047f-453d-ada6-42725ac160c8.jpg,Worms,self,95.0,64.0,1.75,112.0,1.2
556085,Homeplus,https://view.shelfwatch.io/?url=https://storage.googleapis.com/shelfwatch2_prod_data/dist/test_images/d62f165e-2561-4cc5-a098-b60a55e6fd82_683/039f043b-047f-453d-ada6-42725ac160c8.jpg,Peaches,self,95.0,64.0,1.75,112.0,1.2
556085,Homeplus,https://view.shelfwatch.io/?url=https://storage.googleapis.com/shelfwatch2_prod_data/dist/test_images/d62f165e-2561-4cc5-a098-b60a55e6fd82_683/039f043b-047f-453d-ada6-42725ac160c8.jpg,Starmix,self,69.0,64.0,1.25,80.0,1.0
556085,Homeplus,https://view.shelfwatch.io/?url=https://storage.googleapis.com/shelfwatch2_prod_data/dist/test_images/d62f165e-2561-4cc5-a098-b60a55e6fd82_683/039f043b-047f-453d-ada6-42725ac160c8.jpg,Starmix,self,69.0,64.0,1.25,80.0,1.0
556085,Homeplus,https://view.shelfwatch.io/?url=https://storage.googleapis.com/shelfwatch2_prod_data/dist/test_images/d62f165e-2561-4cc5-a098-b60a55e6fd82_683/039f043b-047f-453d-ada6-42725ac160c8.jpg,Worms,self,116.0,64.0,2.25,144.0,1.4
556085,Homeplus,https://view.shelfwatch.io/?url=https://storage.googleapis.com/shelfwatch2_prod_data/dist/test_images/d62f165e-2561-4cc5-a098-b60a55e6fd82_683/039f043b-047f-453d-ada6-42725ac160c8.jpg,Mix ZOURR,self,113.0,64.0,2.25,144.0,1.4
556085,Homeplus,https://view.shelfwatch.io/?url=https://storage.googleapis.com/shelfwatch2_prod_data/dist/test_images/d62f165e-2561-4cc5-a098-b60a55e6fd82_683/039f043b-047f-453d-ada6-42725ac160c8.jpg,Fruity Bussi,self,101.0,64.0,1.75,112.0,1.2
556085,Homeplus,https://view.shelfwatch.io/?url=https://storage.googleapis.com/shelfwatch2_prod_data/dist/test_images/d62f165e-2561-4cc5-a098-b60a55e6fd82_683/039f043b-047f-453d-ada6-42725ac160c8.jpg,Worms,self,93.0,64.0,1.75,112.0,1.2
556085,Homeplus,https://view.shelfwatch.io/?url=https://storage.googleapis.com/shelfwatch2_prod_data/dist/test_images/d62f165e-2561-4cc5-a098-b60a55e6fd82_683/039f043b-047f-453d-ada6-42725ac160c8.jpg,Watermelon,self,96.0,64.0,1.75,112.0,1.2
556085,Homeplus,https://view.shelfwatch.io/?url=https://storage.googleapis.com/shelfwatch2_prod_data/dist/test_images/d62f165e-2561-4cc5-a098-b60a55e6fd82_683/039f043b-047f-453d-ada6-42725ac160c8.jpg,Mix ZOURR,self,124.0,64.0,2.25,144.0,1.4
556085,Homeplus,https://view.shelfwatch.io/?url=https://storage.googleapis.com/shelfwatch2_prod_data/dist/test_images/d62f165e-2561-4cc5-a098-b60a55e6fd82_683/039f043b-047f-453d-ada6-42725ac160c8.jpg,Bebeto,competitor,133.0,64.0,2.25,144.0,1.4
556085,Homeplus,https://view.shelfwatch.io/?url=https://storage.googleapis.com/shelfwatch2_prod_data/dist/test_images/d62f165e-2561-4cc5-a098-b60a55e6fd82_683/039f043b-047f-453d-ada6-42725ac160c8.jpg,Mix ZOURR,self,105.0,64.0,1.75,112.0,1.2
556085,Homeplus,https://view.shelfwatch.io/?url=https://storage.googleapis.com/shelfwatch2_prod_data/dist/test_images/d62f165e-2561-4cc5-a098-b60a55e6fd82_683/039f043b-047f-453d-ada6-42725ac160c8.jpg,Mix ZOURR,self,109.0,64.0,1.75,112.0,1.2
556085,Homeplus,https://view.shelfwatch.io/?url=https://storage.googleapis.com/shelfwatch2_prod_data/dist/test_images/d62f165e-2561-4cc5-a098-b60a55e6fd82_683/039f043b-047f-453d-ada6-42725ac160c8.jpg,Love Hearts,self,95.0,64.0,1.75,112.0,1.2
556085,Homeplus,https://view.shelfwatch.io/?url=https://storage.googleapis.com/shelfwatch2_prod_data/dist/test_images/d62f165e-2561-4cc5-a098-b60a55e6fd82_683/039f043b-047f-453d-ada6-42725ac160c8.jpg,Goldbaeren,self,107.0,64.0,1.75,112.0,1.2
556085,Homeplus,https://view.shelfwatch.io/?url=https://storage.googleapis.com/shelfwatch2_prod_data/dist/test_images/d62f165e-2561-4cc5-a098-b60a55e6fd82_683/039f043b-047f-453d-ada6-42725ac160c8.jpg,Watermelon,self,96.0,64.0,1.75,112.0,1.2
556085,Homeplus,https://view.shelfwatch.io/?url=https://storage.googleapis.com/shelfwatch2_prod_data/dist/test_images/d62f165e-2561-4cc5-a098-b60a55e6fd82_683/039f043b-047f-453d-ada6-42725ac160c8.jpg,Mega Roulette,self,158.1,64.0,2.75,176.0,1.5999999999999999
556086,Lotte Mart,https://view.shelfwatch.io/?url=https://storage.googleapis.com/shelfwatch2_prod_data/dist/test_images/d62f165e-2561-4cc5-a098-b60a55e6fd82_683/2abb119c-3e78-4af3-973e-80cf62aadeda.jpg,FRUTIPS,competitor,135.4,49.0,3.25,159.25,1.7999999999999998
556086,Lotte Mart,https://view.shelfwatch.io/?url=https://storage.googleapis.com/shelfwatch2_prod_data/dist/test_images/d62f165e-2561-4cc5-a098-b60a55e6fd82_683/2abb119c-3e78-4af3-973e-80cf62aadeda.jpg,FRUTIPS,competitor,197.0,49.0,4.25,208.25,2.1999999999999997
556086,Lotte Mart,https://view.shelfwatch.io/?url=https://storage.googleapis.com/shelfwatch2_prod_data/dist/test_images/d62f165e-2561-4cc5-a098-b60a55e6fd82_683/2abb119c-3e78-4af3-973e-80cf62aadeda.jpg,SUNKIST,competitor,135.0,49.0,3.25,159.25,1.7999999999999998
556086,Lotte Mart,https://view.shelfwatch.io/?url=https://storage.googleapis.com/shelfwatch2_prod_data/dist/test_images/d62f165e-2561-4cc5-a098-b60a55e6fd82_683/2abb119c-3e78-4af3-973e-80cf62aadeda.jpg,FRUTIPS,competitor,203.0,49.0,4.25,208.25,2.1999999999999997
556086,Lotte Mart,https://view.shelfwatch.io/?url=https://storage.googleapis.com/shelfwatch2_prod_data/dist/test_images/d62f165e-2561-4cc5-a098-b60a55e6fd82_683/2abb119c-3e78-4af3-973e-80cf62aadeda.jpg,CHUPA CHUPS,competitor,76.0,49.0,1.75,85.75,1.2
556086,Lotte Mart,https://view.shelfwatch.io/?url=https://storage.googleapis.com/shelfwatch2_prod_data/dist/test_images/d62f165e-2561-4cc5-a098-b60a55e6fd82_683/2abb119c-3e78-4af3-973e-80cf62aadeda.jpg,CHUPA CHUPS,competitor,49.0,49.0,1.25,61.25,1.0
556086,Lotte Mart,https://view.shelfwatch.io/?url=https://storage.googleapis.com/shelfwatch2_prod_data/dist/test_images/d62f165e-2561-4cc5-a098-b60a55e6fd82_683/2abb119c-3e78-4af3-973e-80cf62aadeda.jpg,CHUPA CHUPS,competitor,110.0,49.0,2.25,110.25,1.4
556086,Lotte Mart,https://view.shelfwatch.io/?url=https://storage.googleapis.com/shelfwatch2_prod_data/dist/test_images/d62f165e-2561-4cc5-a098-b60a55e6fd82_683/2abb119c-3e78-4af3-973e-80cf62aadeda.jpg,SUNKIST,competitor,139.0,49.0,3.25,159.25,1.7999999999999998
556086,Lotte Mart,https://view.shelfwatch.io/?url=https://storage.googleapis.com/shelfwatch2_prod_data/dist/test_images/d62f165e-2561-4cc5-a098-b60a55e6fd82_683/2abb119c-3e78-4af3-973e-80cf62aadeda.jpg,CHUPA CHUPS,competitor,101.0,49.0,2.25,110.25,1.4
556086,Lotte Mart,https://view.shelfwatch.io/?url=https://storage.googleapis.com/shelfwatch2_prod_data/dist/test_images/d62f165e-2561-4cc5-a098-b60a55e6fd82_683/2abb119c-3e78-4af3-973e-80cf62aadeda.jpg,FRUTIPS,competitor,197.0,49.0,4.25,208.25,2.1999999999999997
556086,Lotte Mart,https://view.shelfwatch.io/?url=https://storage.googleapis.com/shelfwatch2_prod_data/dist/test_images/d62f165e-2561-4cc5-a098-b60a55e6fd82_683/2abb119c-3e78-4af3-973e-80cf62aadeda.jpg,CHUPA CHUPS,competitor,205.71,49.0,4.25,208.25,2.1999999999999997
556086,Lotte Mart,https://view.shelfwatch.io/?url=https://storage.googleapis.com/shelfwatch2_prod_data/dist/test_images/d62f165e-2561-4cc5-a098-b60a55e6fd82_683/2abb119c-3e78-4af3-973e-80cf62aadeda.jpg,FRUTIPS,competitor,198.0,49.0,4.25,208.25,2.1999999999999997
556086,Lotte Mart,https://view.shelfwatch.io/?url=https://storage.googleapis.com/shelfwatch2_prod_data/dist/test_images/d62f165e-2561-4cc5-a098-b60a55e6fd82_683/2abb119c-3e78-4af3-973e-80cf62aadeda.jpg,CHUPA CHUPS,competitor,98.0,49.0,2.25,110.25,1.4
556086,Lotte Mart,https://view.shelfwatch.io/?url=https://storage.googleapis.com/shelfwatch2_prod_data/dist/test_images/d62f165e-2561-4cc5-a098-b60a55e6fd82_683/06a0cf35-8ba4-47c9-a6f7-0fe12ba38b25.jpg,MYGUMI,competitor,187.0,49.0,4.25,208.25,2.1999999999999997
556086,Lotte Mart,https://view.shelfwatch.io/?url=https://storage.googleapis.com/shelfwatch2_prod_data/dist/test_images/d62f165e-2561-4cc5-a098-b60a55e6fd82_683/06a0cf35-8ba4-47c9-a6f7-0fe12ba38b25.jpg,FRUTIPS,competitor,90.0,49.0,2.25,110.25,1.4
556086,Lotte Mart,https://view.shelfwatch.io/?url=https://storage.googleapis.com/shelfwatch2_prod_data/dist/test_images/d62f165e-2561-4cc5-a098-b60a55e6fd82_683/06a0cf35-8ba4-47c9-a6f7-0fe12ba38b25.jpg,TROLLI,competitor,122.0,49.0,2.75,134.75,1.5999999999999999
556086,Lotte Mart,https://view.shelfwatch.io/?url=https://storage.googleapis.com/shelfwatch2_prod_data/dist/test_images/d62f165e-2561-4cc5-a098-b60a55e6fd82_683/06a0cf35-8ba4-47c9-a6f7-0fe12ba38b25.jpg,FRUTIPS,competitor,102.0,49.0,2.25,110.25,1.4
556086,Lotte Mart,https://view.shelfwatch.io/?url=https://storage.googleapis.com/shelfwatch2_prod_data/dist/test_images/d62f165e-2561-4cc5-a098-b60a55e6fd82_683/06a0cf35-8ba4-47c9-a6f7-0fe12ba38b25.jpg,YOGURT JELLY,competitor,109.0,49.0,2.25,110.25,1.4
556086,Lotte Mart,https://view.shelfwatch.io/?url=https://storage.googleapis.com/shelfwatch2_prod_data/dist/test_images/d62f165e-2561-4cc5-a098-b60a55e6fd82_683/06a0cf35-8ba4-47c9-a6f7-0fe12ba38b25.jpg,JELLYCIOUS,competitor,138.0,49.0,3.25,159.25,1.7999999999999998
556086,Lotte Mart,https://view.shelfwatch.io/?url=https://storage.googleapis.com/shelfwatch2_prod_data/dist/test_images/d62f165e-2561-4cc5-a098-b60a55e6fd82_683/06a0cf35-8ba4-47c9-a6f7-0fe12ba38b25.jpg,FRUTIPS,competitor,93.0,49.0,2.25,110.25,1.4
556086,Lotte Mart,https://view.shelfwatch.io/?url=https://storage.googleapis.com/shelfwatch2_prod_data/dist/test_images/d62f165e-2561-4cc5-a098-b60a55e6fd82_683/06a0cf35-8ba4-47c9-a6f7-0fe12ba38b25.jpg,YOGURT JELLY,competitor,99.0,49.0,2.25,110.25,1.4
556086,Lotte Mart,https://view.shelfwatch.io/?url=https://storage.googleapis.com/shelfwatch2_prod_data/dist/test_images/d62f165e-2561-4cc5-a098-b60a55e6fd82_683/06a0cf35-8ba4-47c9-a6f7-0fe12ba38b25.jpg,MONKEY NANA,competitor,168.0,49.0,3.75,183.75,1.9999999999999998
556086,Lotte Mart,https://view.shelfwatch.io/?url=https://storage.googleapis.com/shelfwatch2_prod_data/dist/test_images/d62f165e-2561-4cc5-a098-b60a55e6fd82_683/06a0cf35-8ba4-47c9-a6f7-0fe12ba38b25.jpg,FRUTIPS,competitor,93.0,49.0,2.25,110.25,1.4
556086,Lotte Mart,https://view.shelfwatch.io/?url=https://storage.googleapis.com/shelfwatch2_prod_data/dist/test_images/d62f165e-2561-4cc5-a098-b60a55e6fd82_683/06a0cf35-8ba4-47c9-a6f7-0fe12ba38b25.jpg,JELLYCIOUS,competitor,140.0,49.0,3.25,159.25,1.7999999999999998
556086,Lotte Mart,https://view.shelfwatch.io/?url=https://storage.googleapis.com/shelfwatch2_prod_data/dist/test_images/d62f165e-2561-4cc5-a098-b60a55e6fd82_683/06a0cf35-8ba4-47c9-a6f7-0fe12ba38b25.jpg,YOGURT JELLY,competitor,60.0,49.0,1.25,61.25,1.0
556086,Lotte Mart,https://view.shelfwatch.io/?url=https://storage.googleapis.com/shelfwatch2_prod_data/dist/test_images/d62f165e-2561-4cc5-a098-b60a55e6fd82_683/06a0cf35-8ba4-47c9-a6f7-0fe12ba38b25.jpg,MYGUMI,competitor,187.0,49.0,4.25,208.25,2.1999999999999997
556086,Lotte Mart,https://view.shelfwatch.io/?url=https://storage.googleapis.com/shelfwatch2_prod_data/dist/test_images/d62f165e-2561-4cc5-a098-b60a55e6fd82_683/06a0cf35-8ba4-47c9-a6f7-0fe12ba38b25.jpg,YOGURT JELLY,competitor,100.0,49.0,2.25,110.25,1.4
556086,Lotte Mart,https://view.shelfwatch.io/?url=https://storage.googleapis.com/shelfwatch2_prod_data/dist/test_images/d62f165e-2561-4cc5-a098-b60a55e6fd82_683/06a0cf35-8ba4-47c9-a6f7-0fe12ba38b25.jpg,JELLYBAB,competitor,199.0,49.0,4.25,208.25,2.1999999999999997
556086,Lotte Mart,https://view.shelfwatch.io/?url=https://storage.googleapis.com/shelfwatch2_prod_data/dist/test_images/d62f165e-2561-4cc5-a098-b60a55e6fd82_683/06a0cf35-8ba4-47c9-a6f7-0fe12ba38b25.jpg,JELLYCIOUS,competitor,187.0,49.0,4.25,208.25,2.1999999999999997
556086,Lotte Mart,https://view.shelfwatch.io/?url=https://storage.googleapis.com/shelfwatch2_prod_data/dist/test_images/d62f165e-2561-4cc5-a098-b60a55e6fd82_683/06a0cf35-8ba4-47c9-a6f7-0fe12ba38b25.jpg,YOGURT JELLY,competitor,52.0,49.0,1.25,61.25,1.0
556086,Lotte Mart,https://view.shelfwatch.io/?url=https://storage.googleapis.com/shelfwatch2_prod_data/dist/test_images/d62f165e-2561-4cc5-a098-b60a55e6fd82_683/06a0cf35-8ba4-47c9-a6f7-0fe12ba38b25.jpg,MYGUMI,competitor,145.0,49.0,3.25,159.25,1.7999999999999998
556086,Lotte Mart,https://view.shelfwatch.io/?url=https://storage.googleapis.com/shelfwatch2_prod_data/dist/test_images/d62f165e-2561-4cc5-a098-b60a55e6fd82_683/06a0cf35-8ba4-47c9-a6f7-0fe12ba38b25.jpg,YOGURT JELLY,competitor,49.0,49.0,1.25,61.25,1.0
556086,Lotte Mart,https://view.shelfwatch.io/?url=https://storage.googleapis.com/shelfwatch2_prod_data/dist/test_images/d62f165e-2561-4cc5-a098-b60a55e6fd82_683/06a0cf35-8ba4-47c9-a6f7-0fe12ba38b25.jpg,FRUTIPS,competitor,94.0,49.0,2.25,110.25,1.4
556086,Lotte Mart,https://view.shelfwatch.io/?url=https://storage.googleapis.com/shelfwatch2_prod_data/dist/test_images/d62f165e-2561-4cc5-a098-b60a55e6fd82_683/06a0cf35-8ba4-47c9-a6f7-0fe12ba38b25.jpg,MYGUMI,competitor,197.0,49.0,4.25,208.25,2.1999999999999997
556086,Lotte Mart,https://view.shelfwatch.io/?url=https://storage.googleapis.com/shelfwatch2_prod_data/dist/test_images/d62f165e-2561-4cc5-a098-b60a55e6fd82_683/06a0cf35-8ba4-47c9-a6f7-0fe12ba38b25.jpg,JELLYCIOUS,competitor,183.0,49.0,3.75,183.75,1.9999999999999998
556086,Lotte Mart,https://view.shelfwatch.io/?url=https://storage.googleapis.com/shelfwatch2_prod_data/dist/test_images/d62f165e-2561-4cc5-a098-b60a55e6fd82_683/06a0cf35-8ba4-47c9-a6f7-0fe12ba38b25.jpg,MYGUMI,competitor,172.0,49.0,3.75,183.75,1.9999999999999998
556086,Lotte Mart,https://view.shelfwatch.io/?url=https://storage.googleapis.com/shelfwatch2_prod_data/dist/test_images/d62f165e-2561-4cc5-a098-b60a55e6fd82_683/06a0cf35-8ba4-47c9-a6f7-0fe12ba38b25.jpg,MYGUMI,competitor,189.61,49.0,4.25,208.25,2.1999999999999997
556086,Lotte Mart,https://view.shelfwatch.io/?url=https://storage.googleapis.com/shelfwatch2_prod_data/dist/test_images/d62f165e-2561-4cc5-a098-b60a55e6fd82_683/06a0cf35-8ba4-47c9-a6f7-0fe12ba38b25.jpg,FRUTIPS,competitor,104.49,49.0,2.25,110.25,1.4
556086,Lotte Mart,https://view.shelfwatch.io/?url=https://storage.googleapis.com/shelfwatch2_prod_data/dist/test_images/d62f165e-2561-4cc5-a098-b60a55e6fd82_683/06a0cf35-8ba4-47c9-a6f7-0fe12ba38b25.jpg,FRUTIPS,competitor,99.92,49.0,2.25,110.25,1.4
556086,Lotte Mart,https://view.shelfwatch.io/?url=https://storage.googleapis.com/shelfwatch2_prod_data/dist/test_images/d62f165e-2561-4cc5-a098-b60a55e6fd82_683/6a61182a-d38d-48b7-9486-36f45249801e.jpg,MYJJU,competitor,183.0,49.0,3.75,183.75,1.9999999999999998
556086,Lotte Mart,https://view.shelfwatch.io/?url=https://storage.googleapis.com/shelfwatch2_prod_data/dist/test_images/d62f165e-2561-4cc5-a098-b60a55e6fd82_683/6a61182a-d38d-48b7-9486-36f45249801e.jpg,MYJJU,competitor,60.0,49.0,1.25,61.25,1.0
556086,Lotte Mart,https://view.shelfwatch.io/?url=https://storage.googleapis.com/shelfwatch2_prod_data/dist/test_images/d62f165e-2561-4cc5-a098-b60a55e6fd82_683/6a61182a-d38d-48b7-9486-36f45249801e.jpg,YOGURT JELLY,competitor,98.0,49.0,2.25,110.25,1.4
556086,Lotte Mart,https://view.shelfwatch.io/?url=https://storage.googleapis.com/shelfwatch2_prod_data/dist/test_images/d62f165e-2561-4cc5-a098-b60a55e6fd82_683/6a61182a-d38d-48b7-9486-36f45249801e.jpg,MYJJU,competitor,61.0,49.0,1.25,61.25,1.0
556086,Lotte Mart,https://view.shelfwatch.io/?url=https://storage.googleapis.com/shelfwatch2_prod_data/dist/test_images/d62f165e-2561-4cc5-a098-b60a55e6fd82_683/6a61182a-d38d-48b7-9486-36f45249801e.jpg,MYJJU,competitor,54.0,49.0,1.25,61.25,1.0
556086,Lotte Mart,https://view.shelfwatch.io/?url=https://storage.googleapis.com/shelfwatch2_prod_data/dist/test_images/d62f165e-2561-4cc5-a098-b60a55e6fd82_683/6a61182a-d38d-48b7-9486-36f45249801e.jpg,YOGURT JELLY,competitor,92.0,49.0,2.25,110.25,1.4
556086,Lotte Mart,https://view.shelfwatch.io/?url=https://storage.googleapis.com/shelfwatch2_prod_data/dist/test_images/d62f165e-2561-4cc5-a098-b60a55e6fd82_683/6a61182a-d38d-48b7-9486-36f45249801e.jpg,MYJJU,competitor,167.0,49.0,3.75,183.75,1.9999999999999998
556086,Lotte Mart,https://view.shelfwatch.io/?url=https://storage.googleapis.com/shelfwatch2_prod_data/dist/test_images/d62f165e-2561-4cc5-a098-b60a55e6fd82_683/6a61182a-d38d-48b7-9486-36f45249801e.jpg,YOGURT JELLY,competitor,94.0,49.0,2.25,110.25,1.4
556086,Lotte Mart,https://view.shelfwatch.io/?url=https://storage.googleapis.com/shelfwatch2_prod_data/dist/test_images/d62f165e-2561-4cc5-a098-b60a55e6fd82_683/6a61182a-d38d-48b7-9486-36f45249801e.jpg,MYJJU,competitor,57.0,49.0,1.25,61.25,1.0
556086,Lotte Mart,https://view.shelfwatch.io/?url=https://storage.googleapis.com/shelfwatch2_prod_data/dist/test_images/d62f165e-2561-4cc5-a098-b60a55e6fd82_683/6a61182a-d38d-48b7-9486-36f45249801e.jpg,MYJJU,competitor,58.0,49.0,1.25,61.25,1.0
556086,Lotte Mart,https://view.shelfwatch.io/?url=https://storage.googleapis.com/shelfwatch2_prod_data/dist/test_images/d62f165e-2561-4cc5-a098-b60a55e6fd82_683/6a61182a-d38d-48b7-9486-36f45249801e.jpg,YOGURT JELLY,competitor,104.0,49.0,2.25,110.25,1.4
556086,Lotte Mart,https://view.shelfwatch.io/?url=https://storage.googleapis.com/shelfwatch2_prod_data/dist/test_images/d62f165e-2561-4cc5-a098-b60a55e6fd82_683/6a61182a-d38d-48b7-9486-36f45249801e.jpg,MYJJU,competitor,177.0,49.0,3.75,183.75,1.9999999999999998
556086,Lotte Mart,https://view.shelfwatch.io/?url=https://storage.googleapis.com/shelfwatch2_prod_data/dist/test_images/d62f165e-2561-4cc5-a098-b60a55e6fd82_683/6a61182a-d38d-48b7-9486-36f45249801e.jpg,MYJJU,competitor,60.0,49.0,1.25,61.25,1.0
556086,Lotte Mart,https://view.shelfwatch.io/?url=https://storage.googleapis.com/shelfwatch2_prod_data/dist/test_images/d62f165e-2561-4cc5-a098-b60a55e6fd82_683/6a61182a-d38d-48b7-9486-36f45249801e.jpg,MYJJU,competitor,55.0,49.0,1.25,61.25,1.0
556086,Lotte Mart,https://view.shelfwatch.io/?url=https://storage.googleapis.com/shelfwatch2_prod_data/dist/test_images/d62f165e-2561-4cc5-a098-b60a55e6fd82_683/6a61182a-d38d-48b7-9486-36f45249801e.jpg,YOGURT JELLY,competitor,95.0,49.0,2.25,110.25,1.4
556086,Lotte Mart,https://view.shelfwatch.io/?url=https://storage.googleapis.com/shelfwatch2_prod_data/dist/test_images/d62f165e-2561-4cc5-a098-b60a55e6fd82_683/6a61182a-d38d-48b7-9486-36f45249801e.jpg,MYJJU,competitor,64.0,49.0,1.75,85.75,1.2
556086,Lotte Mart,https://view.shelfwatch.io/?url=https://storage.googleapis.com/shelfwatch2_prod_data/dist/test_images/d62f165e-2561-4cc5-a098-b60a55e6fd82_683/6a61182a-d38d-48b7-9486-36f45249801e.jpg,YOGURT JELLY,competitor,94.0,49.0,2.25,110.25,1.4
556086,Lotte Mart,https://view.shelfwatch.io/?url=https://storage.googleapis.com/shelfwatch2_prod_data/dist/test_images/d62f165e-2561-4cc5-a098-b60a55e6fd82_683/6a61182a-d38d-48b7-9486-36f45249801e.jpg,MYJJU,competitor,62.0,49.0,1.75,85.75,1.2
556086,Lotte Mart,https://view.shelfwatch.io/?url=https://storage.googleapis.com/shelfwatch2_prod_data/dist/test_images/d62f165e-2561-4cc5-a098-b60a55e6fd82_683/6a61182a-d38d-48b7-9486-36f45249801e.jpg,MYJJU,competitor,178.0,49.0,3.75,183.75,1.9999999999999998
556086,Lotte Mart,https://view.shelfwatch.io/?url=https://storage.googleapis.com/shelfwatch2_prod_data/dist/test_images/d62f165e-2561-4cc5-a098-b60a55e6fd82_683/6a61182a-d38d-48b7-9486-36f45249801e.jpg,MYJJU,competitor,60.0,49.0,1.25,61.25,1.0
556086,Lotte Mart,https://view.shelfwatch.io/?url=https://storage.googleapis.com/shelfwatch2_prod_data/dist/test_images/d62f165e-2561-4cc5-a098-b60a55e6fd82_683/6a61182a-d38d-48b7-9486-36f45249801e.jpg,YOGURT JELLY,competitor,94.0,49.0,2.25,110.25,1.4
556086,Lotte Mart,https://view.shelfwatch.io/?url=https://storage.googleapis.com/shelfwatch2_prod_data/dist/test_images/d62f165e-2561-4cc5-a098-b60a55e6fd82_683/6a61182a-d38d-48b7-9486-36f45249801e.jpg,MYJJU,competitor,58.0,49.0,1.25,61.25,1.0
556086,Lotte Mart,https://view.shelfwatch.io/?url=https://storage.googleapis.com/shelfwatch2_prod_data/dist/test_images/d62f165e-2561-4cc5-a098-b60a55e6fd82_683/6a61182a-d38d-48b7-9486-36f45249801e.jpg,MYJJU,competitor,144.25,49.0,3.25,159.25,1.7999999999999998
556086,Lotte Mart,https://view.shelfwatch.io/?url=https://storage.googleapis.com/shelfwatch2_prod_data/dist/test_images/d62f165e-2561-4cc5-a098-b60a55e6fd82_683/6a61182a-d38d-48b7-9486-36f45249801e.jpg,YOGURT JELLY,competitor,97.0,49.0,2.25,110.25,1.4
556086,Lotte Mart,https://view.shelfwatch.io/?url=https://storage.googleapis.com/shelfwatch2_prod_data/dist/test_images/d62f165e-2561-4cc5-a098-b60a55e6fd82_683/6a61182a-d38d-48b7-9486-36f45249801e.jpg,MYJJU,competitor,56.0,49.0,1.25,61.25,1.0
556086,Lotte Mart,https://view.shelfwatch.io/?url=https://storage.googleapis.com/shelfwatch2_prod_data/dist/test_images/d62f165e-2561-4cc5-a098-b60a55e6fd82_683/6a61182a-d38d-48b7-9486-36f45249801e.jpg,MYJJU,competitor,55.0,49.0,1.25,61.25,1.0
556086,Lotte Mart,https://view.shelfwatch.io/?url=https://storage.googleapis.com/shelfwatch2_prod_data/dist/test_images/d62f165e-2561-4cc5-a098-b60a55e6fd82_683/6a61182a-d38d-48b7-9486-36f45249801e.jpg,MYJJU,competitor,64.0,49.0,1.75,85.75,1.2
556086,Lotte Mart,https://view.shelfwatch.io/?url=https://storage.googleapis.com/shelfwatch2_prod_data/dist/test_images/d62f165e-2561-4cc5-a098-b60a55e6fd82_683/cb78b5ba-d7b9-477b-85eb-128d769813f2.jpg,TROLLI,competitor,122.0,49.0,2.75,134.75,1.5999999999999999
556086,Lotte Mart,https://view.shelfwatch.io/?url=https://storage.googleapis.com/shelfwatch2_prod_data/dist/test_images/d62f165e-2561-4cc5-a098-b60a55e6fd82_683/cb78b5ba-d7b9-477b-85eb-128d769813f2.jpg,TROLLI,competitor,126.0,49.0,2.75,134.75,1.5999999999999999
556086,Lotte Mart,https://view.shelfwatch.io/?url=https://storage.googleapis.com/shelfwatch2_prod_data/dist/test_images/d62f165e-2561-4cc5-a098-b60a55e6fd82_683/cb78b5ba-d7b9-477b-85eb-128d769813f2.jpg,Goldbaeren,self,71.0,49.0,1.75,85.75,1.2
556086,Lotte Mart,https://view.shelfwatch.io/?url=https://storage.googleapis.com/shelfwatch2_prod_data/dist/test_images/d62f165e-2561-4cc5-a098-b60a55e6fd82_683/cb78b5ba-d7b9-477b-85eb-128d769813f2.jpg,Grapefruit,self,97.0,49.0,2.25,110.25,1.4
556086,Lotte Mart,https://view.shelfwatch.io/?url=https://storage.googleapis.com/shelfwatch2_prod_data/dist/test_images/d62f165e-2561-4cc5-a098-b60a55e6fd82_683/cb78b5ba-d7b9-477b-85eb-128d769813f2.jpg,Goldbaeren,self,69.0,49.0,1.75,85.75,1.2
556086,Lotte Mart,https://view.shelfwatch.io/?url=https://storage.googleapis.com/shelfwatch2_prod_data/dist/test_images/d62f165e-2561-4cc5-a098-b60a55e6fd82_683/cb78b5ba-d7b9-477b-85eb-128d769813f2.jpg,TROLLI,competitor,142.0,49.0,3.25,159.25,1.7999999999999998
556086,Lotte Mart,https://view.shelfwatch.io/?url=https://storage.googleapis.com/shelfwatch2_prod_data/dist/test_images/d62f165e-2561-4cc5-a098-b60a55e6fd82_683/cb78b5ba-d7b9-477b-85eb-128d769813f2.jpg,Goldbaeren,self,143.02,49.0,3.25,159.25,1.7999999999999998
556086,Lotte Mart,https://view.shelfwatch.io/?url=https://storage.googleapis.com/shelfwatch2_prod_data/dist/test_images/d62f165e-2561-4cc5-a098-b60a55e6fd82_683/cb78b5ba-d7b9-477b-85eb-128d769813f2.jpg,Goldbaeren,self,70.0,49.0,1.75,85.75,1.2
556086,Lotte Mart,https://view.shelfwatch.io/?url=https://storage.googleapis.com/shelfwatch2_prod_data/dist/test_images/d62f165e-2561-4cc5-a098-b60a55e6fd82_683/cb78b5ba-d7b9-477b-85eb-128d769813f2.jpg,Goldbaeren,self,69.0,49.0,1.75,85.75,1.2
556086,Lotte Mart,https://view.shelfwatch.io/?url=https://storage.googleapis.com/shelfwatch2_prod_data/dist/test_images/d62f165e-2561-4cc5-a098-b60a55e6fd82_683/cb78b5ba-d7b9-477b-85eb-128d769813f2.jpg,TROLLI,competitor,131.0,49.0,2.75,134.75,1.5999999999999999
556086,Lotte Mart,https://view.shelfwatch.io/?url=https://storage.googleapis.com/shelfwatch2_prod_data/dist/test_images/d62f165e-2561-4cc5-a098-b60a55e6fd82_683/cb78b5ba-d7b9-477b-85eb-128d769813f2.jpg,Watermelon,self,102.0,49.0,2.25,110.25,1.4
556086,Lotte Mart,https://view.shelfwatch.io/?url=https://storage.googleapis.com/shelfwatch2_prod_data/dist/test_images/d62f165e-2561-4cc5-a098-b60a55e6fd82_683/cb78b5ba-d7b9-477b-85eb-128d769813f2.jpg,TROLLI,competitor,124.0,49.0,2.75,134.75,1.5999999999999999
556086,Lotte Mart,https://view.shelfwatch.io/?url=https://storage.googleapis.com/shelfwatch2_prod_data/dist/test_images/d62f165e-2561-4cc5-a098-b60a55e6fd82_683/cb78b5ba-d7b9-477b-85eb-128d769813f2.jpg,Starmix,self,73.0,49.0,1.75,85.75,1.2
556086,Lotte Mart,https://view.shelfwatch.io/?url=https://storage.googleapis.com/shelfwatch2_prod_data/dist/test_images/d62f165e-2561-4cc5-a098-b60a55e6fd82_683/cb78b5ba-d7b9-477b-85eb-128d769813f2.jpg,Goldbaeren,self,105.0,49.0,2.25,110.25,1.4
556086,Lotte Mart,https://view.shelfwatch.io/?url=https://storage.googleapis.com/shelfwatch2_prod_data/dist/test_images/d62f165e-2561-4cc5-a098-b60a55e6fd82_683/cb78b5ba-d7b9-477b-85eb-128d769813f2.jpg,Starmix,self,71.0,49.0,1.75,85.75,1.2
556086,Lotte Mart,https://view.shelfwatch.io/?url=https://storage.googleapis.com/shelfwatch2_prod_data/dist/test_images/d62f165e-2561-4cc5-a098-b60a55e6fd82_683/cb78b5ba-d7b9-477b-85eb-128d769813f2.jpg,TROLLI,competitor,100.0,49.0,2.25,110.25,1.4
556086,Lotte Mart,https://view.shelfwatch.io/?url=https://storage.googleapis.com/shelfwatch2_prod_data/dist/test_images/d62f165e-2561-4cc5-a098-b60a55e6fd82_683/cb78b5ba-d7b9-477b-85eb-128d769813f2.jpg,Watermelon,self,102.0,49.0,2.25,110.25,1.4
556086,Lotte Mart,https://view.shelfwatch.io/?url=https://storage.googleapis.com/shelfwatch2_prod_data/dist/test_images/d62f165e-2561-4cc5-a098-b60a55e6fd82_683/cb78b5ba-d7b9-477b-85eb-128d769813f2.jpg,Peaches,self,70.0,49.0,1.75,85.75,1.2
556086,Lotte Mart,https://view.shelfwatch.io/?url=https://storage.googleapis.com/shelfwatch2_prod_data/dist/test_images/d62f165e-2561-4cc5-a098-b60a55e6fd82_683/cb78b5ba-d7b9-477b-85eb-128d769813f2.jpg,Peaches,self,71.0,49.0,1.75,85.75,1.2
556086,Lotte Mart,https://view.shelfwatch.io/?url=https://storage.googleapis.com/shelfwatch2_prod_data/dist/test_images/d62f165e-2561-4cc5-a098-b60a55e6fd82_683/cb78b5ba-d7b9-477b-85eb-128d769813f2.jpg,Starmix,self,139.1,49.0,3.25,159.25,1.7999999999999998
556086,Lotte Mart,https://view.shelfwatch.io/?url=https://storage.googleapis.com/shelfwatch2_prod_data/dist/test_images/d62f165e-2561-4cc5-a098-b60a55e6fd82_683/cb78b5ba-d7b9-477b-85eb-128d769813f2.jpg,TROLLI,competitor,136.0,49.0,3.25,159.25,1.7999999999999998
556086,Lotte Mart,https://view.shelfwatch.io/?url=https://storage.googleapis.com/shelfwatch2_prod_data/dist/test_images/d62f165e-2561-4cc5-a098-b60a55e6fd82_683/cb78b5ba-d7b9-477b-85eb-128d769813f2.jpg,TROLLI,competitor,126.35,49.0,2.75,134.75,1.5999999999999999
556086,Lotte Mart,https://view.shelfwatch.io/?url=https://storage.googleapis.com/shelfwatch2_prod_data/dist/test_images/d62f165e-2561-4cc5-a098-b60a55e6fd82_683/cb78b5ba-d7b9-477b-85eb-128d769813f2.jpg,Happy Cola,self,102.0,49.0,2.25,110.25,1.4
556086,Lotte Mart,https://view.shelfwatch.io/?url=https://storage.googleapis.com/shelfwatch2_prod_data/dist/test_images/d62f165e-2561-4cc5-a098-b60a55e6fd82_683/cb78b5ba-d7b9-477b-85eb-128d769813f2.jpg,Peaches,self,71.0,49.0,1.75,85.75,1.2
556086,Lotte Mart,https://view.shelfwatch.io/?url=https://storage.googleapis.com/shelfwatch2_prod_data/dist/test_images/d62f165e-2561-4cc5-a098-b60a55e6fd82_683/cb78b5ba-d7b9-477b-85eb-128d769813f2.jpg,Peaches,self,68.0,49.0,1.75,85.75,1.2
556086,Lotte Mart,https://view.shelfwatch.io/?url=https://storage.googleapis.com/shelfwatch2_prod_data/dist/test_images/d62f165e-2561-4cc5-a098-b60a55e6fd82_683/cb78b5ba-d7b9-477b-85eb-128d769813f2.jpg,Worms,self,104.0,49.0,2.25,110.25,1.4
556086,Lotte Mart,https://view.shelfwatch.io/?url=https://storage.googleapis.com/shelfwatch2_prod_data/dist/test_images/d62f165e-2561-4cc5-a098-b60a55e6fd82_683/cb78b5ba-d7b9-477b-85eb-128d769813f2.jpg,Starmix,self,101.0,49.0,2.25,110.25,1.4
556086,Lotte Mart,https://view.shelfwatch.io/?url=https://storage.googleapis.com/shelfwatch2_prod_data/dist/test_images/d62f165e-2561-4cc5-a098-b60a55e6fd82_683/cb78b5ba-d7b9-477b-85eb-128d769813f2.jpg,TROLLI,competitor,118.0,49.0,2.75,134.75,1.5999999999999999
556086,Lotte Mart,https://view.shelfwatch.io/?url=https://storage.googleapis.com/shelfwatch2_prod_data/dist/test_images/d62f165e-2561-4cc5-a098-b60a55e6fd82_683/cb78b5ba-d7b9-477b-85eb-128d769813f2.jpg,Goldbaeren,self,175.02,49.0,3.75,183.75,1.9999999999999998
556086,Lotte Mart,https://view.shelfwatch.io/?url=https://storage.googleapis.com/shelfwatch2_prod_data/dist/test_images/d62f165e-2561-4cc5-a098-b60a55e6fd82_683/cb78b5ba-d7b9-477b-85eb-128d769813f2.jpg,TROLLI,competitor,138.0,49.0,3.25,159.25,1.7999999999999998
556086,Lotte Mart,https://view.shelfwatch.io/?url=https://storage.googleapis.com/shelfwatch2_prod_data/dist/test_images/d62f165e-2561-4cc5-a098-b60a55e6fd82_683/cb78b5ba-d7b9-477b-85eb-128d769813f2.jpg,Worms,self,103.0,49.0,2.25,110.25,1.4
556086,Lotte Mart,https://view.shelfwatch.io/?url=https://storage.googleapis.com/shelfwatch2_prod_data/dist/test_images/d62f165e-2561-4cc5-a098-b60a55e6fd82_683/cb78b5ba-d7b9-477b-85eb-128d769813f2.jpg,Worms Zourr,self,101.0,49.0,2.25,110.25,1.4
556086,Lotte Mart,https://view.shelfwatch.io/?url=https://storage.googleapis.com/shelfwatch2_prod_data/dist/test_images/d62f165e-2561-4cc5-a098-b60a55e6fd82_683/cb78b5ba-d7b9-477b-85eb-128d769813f2.jpg,TROLLI,competitor,121.0,49.0,2.75,134.75,1.5999999999999999
556086,Lotte Mart,https://view.shelfwatch.io/?url=https://storage.googleapis.com/shelfwatch2_prod_data/dist/test_images/d62f165e-2561-4cc5-a098-b60a55e6fd82_683/cb78b5ba-d7b9-477b-85eb-128d769813f2.jpg,Pico_Balla,self,101.0,49.0,2.25,110.25,1.4
556086,Lotte Mart,https://view.shelfwatch.io/?url=https://storage.googleapis.com/shelfwatch2_prod_data/dist/test_images/d62f165e-2561-4cc5-a098-b60a55e6fd82_683/cb78b5ba-d7b9-477b-85eb-128d769813f2.jpg,Goldbaeren,self,180.26,49.0,3.75,183.75,1.9999999999999998
556086,Lotte Mart,https://view.shelfwatch.io/?url=https://storage.googleapis.com/shelfwatch2_prod_data/dist/test_images/d62f165e-2561-4cc5-a098-b60a55e6fd82_683/cb78b5ba-d7b9-477b-85eb-128d769813f2.jpg,TROLLI,competitor,135.0,49.0,3.25,159.25,1.7999999999999998
556086,Lotte Mart,https://view.shelfwatch.io/?url=https://storage.googleapis.com/shelfwatch2_prod_data/dist/test_images/d62f165e-2561-4cc5-a098-b60a55e6fd82_683/cb78b5ba-d7b9-477b-85eb-128d769813f2.jpg,Happy Cola Zour,self,97.0,49.0,2.25,110.25,1.4
556086,Lotte Mart,https://view.shelfwatch.io/?url=https://storage.googleapis.com/shelfwatch2_prod_data/dist/test_images/d62f165e-2561-4cc5-a098-b60a55e6fd82_683/cb78b5ba-d7b9-477b-85eb-128d769813f2.jpg,TROLLI,competitor,123.0,49.0,2.75,134.75,1.5999999999999999
556086,Lotte Mart,https://view.shelfwatch.io/?url=https://storage.googleapis.com/shelfwatch2_prod_data/dist/test_images/d62f165e-2561-4cc5-a098-b60a55e6fd82_683/cb78b5ba-d7b9-477b-85eb-128d769813f2.jpg,Pico_Balla,self,104.0,49.0,2.25,110.25,1.4
556086,Lotte Mart,https://view.shelfwatch.io/?url=https://storage.googleapis.com/shelfwatch2_prod_data/dist/test_images/d62f165e-2561-4cc5-a098-b60a55e6fd82_683/cb78b5ba-d7b9-477b-85eb-128d769813f2.jpg,Happy Grapes,self,101.0,49.0,2.25,110.25,1.4
556086,Lotte Mart,https://view.shelfwatch.io/?url=https://storage.googleapis.com/shelfwatch2_prod_data/dist/test_images/d62f165e-2561-4cc5-a098-b60a55e6fd82_683/cb78b5ba-d7b9-477b-85eb-128d769813f2.jpg,TROLLI,competitor,136.0,49.0,3.25,159.25,1.7999999999999998
556086,Lotte Mart,https://view.shelfwatch.io/?url=https://storage.googleapis.com/shelfwatch2_prod_data/dist/test_images/d62f165e-2561-4cc5-a098-b60a55e6fd82_683/cb78b5ba-d7b9-477b-85eb-128d769813f2.jpg,TROLLI,competitor,123.0,49.0,2.75,134.75,1.5999999999999999
556086,Lotte Mart,https://view.shelfwatch.io/?url=https://storage.googleapis.com/shelfwatch2_prod_data/dist/test_images/d62f165e-2561-4cc5-a098-b60a55e6fd82_683/cb78b5ba-d7b9-477b-85eb-128d769813f2.jpg,Fruity Bussi,self,109.89,49.0,2.25,110.25,1.4
556086,Lotte Mart,https://view.shelfwatch.io/?url=https://storage.googleapis.com/shelfwatch2_prod_data/dist/test_images/d62f165e-2561-4cc5-a098-b60a55e6fd82_683/cb78b5ba-d7b9-477b-85eb-128d769813f2.jpg,Starmix,self,188.08,49.0,4.25,208.25,2.1999999999999997
556086,Lotte Mart,https://view.shelfwatch.io/?url=https://storage.googleapis.com/shelfwatch2_prod_data/dist/test_images/d62f165e-2561-4cc5-a098-b60a55e6fd82_683/cb78b5ba-d7b9-477b-85eb-128d769813f2.jpg,Worms,self,138.1,49.0,3.25,159.25,1.7999999999999998
