date,shop_id,shop_name,image_url,sos_haribo_against_trolli,sos_haribo_against_competitor,sos_trolli,sos_trolli_against_competitor,sos_competitor
2022-02-24,556084,Emart,https://view.shelfwatch.io/?url=https://storage.googleapis.com/shelfwatch2_prod_data/dist/test_images/d62f165e-2561-4cc5-a098-b60a55e6fd82_683/68183506-5b0e-4eea-b09e-721d2eac51c3.jpg,0.54,0.39,0.46,0.33,0.61
2022-02-24,556084,Emart,https://view.shelfwatch.io/?url=https://storage.googleapis.com/shelfwatch2_prod_data/dist/test_images/d62f165e-2561-4cc5-a098-b60a55e6fd82_683/2734702e-0e44-46a4-8fef-738d236bd4b7.jpg,0.54,0.39,0.46,0.33,0.61
2022-02-24,556084,Emart,https://view.shelfwatch.io/?url=https://storage.googleapis.com/shelfwatch2_prod_data/dist/test_images/d62f165e-2561-4cc5-a098-b60a55e6fd82_683/89862830-8bfc-43f5-b306-48c1e9f7e8a6.jpg,0.54,0.39,0.46,0.33,0.61
2022-02-24,556085,Homeplus,https://view.shelfwatch.io/?url=https://storage.googleapis.com/shelfwatch2_prod_data/dist/test_images/d62f165e-2561-4cc5-a098-b60a55e6fd82_683/3223724e-c0ee-4d35-a9fe-53f9afb4e235.jpg,0.65,0.38,0.35,0.2,0.62
2022-02-24,556085,Homeplus,https://view.shelfwatch.io/?url=https://storage.googleapis.com/shelfwatch2_prod_data/dist/test_images/d62f165e-2561-4cc5-a098-b60a55e6fd82_683/dcef1c92-4276-4046-bf26-48085c8fe7a4.jpg,0.65,0.38,0.35,0.2,0.62
2022-02-24,556085,Homeplus,https://view.shelfwatch.io/?url=https://storage.googleapis.com/shelfwatch2_prod_data/dist/test_images/d62f165e-2561-4cc5-a098-b60a55e6fd82_683/c369fcd4-38c7-4583-8228-fc89bfa5f876.jpg,0.65,0.38,0.35,0.2,0.62
2022-02-24,556085,Homeplus,https://view.shelfwatch.io/?url=https://storage.googleapis.com/shelfwatch2_prod_data/dist/test_images/d62f165e-2561-4cc5-a098-b60a55e6fd82_683/039f043b-047f-453d-ada6-42725ac160c8.jpg,0.65,0.38,0.35,0.2,0.62
2022-02-24,556086,Lotte Mart,https://view.shelfwatch.io/?url=https://storage.googleapis.com/shelfwatch2_prod_data/dist/test_images/d62f165e-2561-4cc5-a098-b60a55e6fd82_683/2abb119c-3e78-4af3-973e-80cf62aadeda.jpg,0.62,0.25,0.38,0.16,0.75
2022-02-24,556086,Lotte Mart,https://view.shelfwatch.io/?url=https://storage.googleapis.com/shelfwatch2_prod_data/dist/test_images/d62f165e-2561-4cc5-a098-b60a55e6fd82_683/06a0cf35-8ba4-47c9-a6f7-0fe12ba38b25.jpg,0.62,0.25,0.38,0.16,0.75
2022-02-24,556086,Lotte Mart,https://view.shelfwatch.io/?url=https://storage.googleapis.com/shelfwatch2_prod_data/dist/test_images/d62f165e-2561-4cc5-a098-b60a55e6fd82_683/6a61182a-d38d-48b7-9486-36f45249801e.jpg,0.62,0.25,0.38,0.16,0.75
2022-02-24,556086,Lotte Mart,https://view.shelfwatch.io/?url=https://storage.googleapis.com/shelfwatch2_prod_data/dist/test_images/d62f165e-2561-4cc5-a098-b60a55e6fd82_683/cb78b5ba-d7b9-477b-85eb-128d769813f2.jpg,0.62,0.25,0.38,0.16,0.75
